,Date,default
0,2010-01-01,1
1,2010-01-01,1
2,2010-01-01,1
3,2010-01-04,1
4,2010-01-04,1
5,2010-01-04,1
6,2010-01-04,1
7,2010-01-04,1
8,2010-01-05,1
9,2010-01-05,1
10,2010-01-05,1
11,2010-01-05,1
12,2010-01-05,1
13,2010-01-06,1
14,2010-01-07,1
15,2010-01-07,1
16,2010-01-08,1
17,2010-01-08,1
18,2010-01-08,1
19,2010-01-08,1
20,2010-01-11,1
21,2010-01-11,1
22,2010-01-12,1
23,2010-01-12,1
24,2010-01-12,1
25,2010-01-12,1
26,2010-01-12,1
27,2010-01-12,1
28,2010-01-12,1
29,2010-01-12,1
30,2010-01-12,1
31,2010-01-13,1
32,2010-01-13,1
33,2010-01-13,1
34,2010-01-14,1
35,2010-01-14,1
36,2010-01-14,1
37,2010-01-14,1
38,2010-01-15,1
39,2010-01-15,1
40,2010-01-15,1
41,2010-01-15,1
42,2010-01-15,1
43,2010-01-15,1
44,2010-01-15,1
45,2010-01-15,1
46,2010-01-15,1
47,2010-01-18,1
48,2010-01-18,1
49,2010-01-19,1
50,2010-01-19,1
51,2010-01-19,1
52,2010-01-19,1
53,2010-01-19,1
54,2010-01-20,1
55,2010-01-20,1
56,2010-01-20,1
57,2010-01-20,1
58,2010-01-20,1
59,2010-01-21,1
60,2010-01-21,1
61,2010-01-21,1
62,2010-01-21,1
63,2010-01-22,1
64,2010-01-22,1
65,2010-01-22,1
66,2010-01-22,1
67,2010-01-22,1
68,2010-01-22,1
69,2010-01-22,1
70,2010-01-22,1
71,2010-01-22,1
72,2010-01-22,1
73,2010-01-22,1
74,2010-01-25,1
75,2010-01-26,1
76,2010-01-27,1
77,2010-01-27,1
78,2010-01-27,1
79,2010-01-27,1
80,2010-01-27,1
81,2010-01-27,1
82,2010-01-27,1
83,2010-01-27,1
84,2010-01-27,1
85,2010-01-28,1
86,2010-01-28,1
87,2010-01-28,1
88,2010-01-28,1
89,2010-01-28,1
90,2010-01-29,1
91,2010-01-29,1
92,2010-01-29,1
93,2010-01-29,1
94,2010-01-29,1
95,2010-01-29,1
96,2010-01-29,1
97,2010-01-29,1
98,2010-01-29,1
99,2010-01-29,1
100,2010-01-29,1
101,2010-01-29,1
102,2010-01-29,1
103,2010-01-29,1
104,2010-01-31,1
105,2010-01-31,1
106,2010-01-31,1
107,2010-01-31,1
108,2010-01-31,1
109,2010-01-31,1
110,2010-02-01,1
111,2010-02-01,1
112,2010-02-01,1
113,2010-02-01,1
114,2010-02-01,1
115,2010-02-02,1
116,2010-02-02,1
117,2010-02-03,1
118,2010-02-03,1
119,2010-02-03,1
120,2010-02-04,1
121,2010-02-04,1
122,2010-02-05,1
123,2010-02-05,1
124,2010-02-08,1
125,2010-02-10,1
126,2010-02-12,1
127,2010-02-15,1
128,2010-02-15,1
129,2010-02-15,1
130,2010-02-16,1
131,2010-02-16,1
132,2010-02-16,1
133,2010-02-16,1
134,2010-02-17,1
135,2010-02-17,1
136,2010-02-17,1
137,2010-02-18,1
138,2010-02-18,1
139,2010-02-18,1
140,2010-02-18,1
141,2010-02-19,1
142,2010-02-19,1
143,2010-02-19,1
144,2010-02-19,1
145,2010-02-19,1
146,2010-02-20,1
147,2010-02-22,1
148,2010-02-23,1
149,2010-02-23,1
150,2010-02-24,1
151,2010-02-24,1
152,2010-02-24,1
153,2010-02-24,1
154,2010-02-24,1
155,2010-02-24,1
156,2010-02-24,1
157,2010-02-26,1
158,2010-02-26,1
159,2010-02-26,1
160,2010-02-28,1
161,2010-03-01,1
162,2010-03-01,1
163,2010-03-01,1
164,2010-03-01,1
165,2010-03-01,1
166,2010-03-01,1
167,2010-03-02,1
168,2010-03-02,1
169,2010-03-02,1
170,2010-03-03,1
171,2010-03-05,1
172,2010-03-05,1
173,2010-03-05,1
174,2010-03-05,1
175,2010-03-05,1
176,2010-03-06,1
177,2010-03-08,1
178,2010-03-09,1
179,2010-03-09,1
180,2010-03-09,1
181,2010-03-10,1
182,2010-03-10,1
183,2010-03-10,1
184,2010-03-10,1
185,2010-03-10,1
186,2010-03-11,1
187,2010-03-11,1
188,2010-03-11,1
189,2010-03-11,1
190,2010-03-11,1
191,2010-03-11,1
192,2010-03-12,1
193,2010-03-12,1
194,2010-03-12,1
195,2010-03-12,1
196,2010-03-12,1
197,2010-03-12,1
198,2010-03-15,1
199,2010-03-15,1
200,2010-03-15,1
201,2010-03-15,1
202,2010-03-15,1
203,2010-03-16,1
204,2010-03-16,1
205,2010-03-18,1
206,2010-03-18,1
207,2010-03-18,1
208,2010-03-19,1
209,2010-03-19,1
210,2010-03-19,1
211,2010-03-19,1
212,2010-03-19,1
213,2010-03-19,1
214,2010-03-19,1
215,2010-03-20,1
216,2010-03-21,1
217,2010-03-22,1
218,2010-03-22,1
219,2010-03-23,1
220,2010-03-23,1
221,2010-03-24,1
222,2010-03-24,1
223,2010-03-25,1
224,2010-03-25,1
225,2010-03-26,1
226,2010-03-26,1
227,2010-03-26,1
228,2010-03-26,1
229,2010-03-26,1
230,2010-03-26,1
231,2010-03-30,1
232,2010-03-30,1
233,2010-03-30,1
234,2010-03-30,1
235,2010-03-30,1
236,2010-03-30,1
237,2010-03-30,1
238,2010-03-31,1
239,2010-03-31,1
240,2010-03-31,1
241,2010-03-31,1
242,2010-03-31,1
243,2010-04-01,1
244,2010-04-01,1
245,2010-04-01,1
246,2010-04-01,1
247,2010-04-01,1
248,2010-04-01,1
249,2010-04-01,1
250,2010-04-01,1
251,2010-04-03,1
252,2010-04-05,1
253,2010-04-05,1
254,2010-04-05,1
255,2010-04-05,1
256,2010-04-05,1
257,2010-04-06,1
258,2010-04-06,1
259,2010-04-07,1
260,2010-04-07,1
261,2010-04-09,1
262,2010-04-09,1
263,2010-04-09,1
264,2010-04-12,1
265,2010-04-12,1
266,2010-04-12,1
267,2010-04-12,1
268,2010-04-13,1
269,2010-04-13,1
270,2010-04-13,1
271,2010-04-14,1
272,2010-04-15,1
273,2010-04-16,1
274,2010-04-16,1
275,2010-04-16,1
276,2010-04-16,1
277,2010-04-16,1
278,2010-04-16,1
279,2010-04-16,1
280,2010-04-16,1
281,2010-04-16,1
282,2010-04-16,1
283,2010-04-16,1
284,2010-04-16,1
285,2010-04-18,1
286,2010-04-19,1
287,2010-04-19,1
288,2010-04-21,1
289,2010-04-21,1
290,2010-04-23,1
291,2010-04-23,1
292,2010-04-23,1
293,2010-04-23,1
294,2010-04-23,1
295,2010-04-23,1
296,2010-04-23,1
297,2010-04-23,1
298,2010-04-23,1
299,2010-04-23,1
300,2010-04-23,1
301,2010-04-23,1
302,2010-04-23,1
303,2010-04-23,1
304,2010-04-23,1
305,2010-04-23,1
306,2010-04-23,1
307,2010-04-23,1
308,2010-04-26,1
309,2010-04-28,1
310,2010-04-28,1
311,2010-04-28,1
312,2010-04-28,1
313,2010-04-29,1
314,2010-04-29,1
315,2010-04-29,1
316,2010-04-30,1
317,2010-04-30,1
318,2010-04-30,1
319,2010-04-30,1
320,2010-04-30,1
321,2010-04-30,1
322,2010-04-30,1
323,2010-04-30,1
324,2010-04-30,1
325,2010-04-30,1
326,2010-04-30,1
327,2010-04-30,1
328,2010-04-30,1
329,2010-04-30,1
330,2010-04-30,1
331,2010-04-30,1
332,2010-04-30,1
333,2010-05-03,1
334,2010-05-03,1
335,2010-05-03,1
336,2010-05-03,1
337,2010-05-03,1
338,2010-05-03,1
339,2010-05-05,1
340,2010-05-05,1
341,2010-05-06,1
342,2010-05-07,1
343,2010-05-07,1
344,2010-05-07,1
345,2010-05-07,1
346,2010-05-07,1
347,2010-05-10,1
348,2010-05-10,1
349,2010-05-11,1
350,2010-05-12,1
351,2010-05-12,1
352,2010-05-12,1
353,2010-05-12,1
354,2010-05-13,1
355,2010-05-13,1
356,2010-05-14,1
357,2010-05-14,1
358,2010-05-14,1
359,2010-05-14,1
360,2010-05-14,1
361,2010-05-15,1
362,2010-05-15,1
363,2010-05-16,1
364,2010-05-17,1
365,2010-05-19,1
366,2010-05-21,1
367,2010-05-21,1
368,2010-05-21,1
369,2010-05-21,1
370,2010-05-24,1
371,2010-05-25,1
372,2010-05-27,1
373,2010-05-27,1
374,2010-05-27,1
375,2010-05-27,1
376,2010-05-27,1
377,2010-05-28,1
378,2010-05-28,1
379,2010-05-28,1
380,2010-05-28,1
381,2010-05-28,1
382,2010-05-31,1
383,2010-06-01,1
384,2010-06-01,1
385,2010-06-01,1
386,2010-06-01,1
387,2010-06-01,1
388,2010-06-02,1
389,2010-06-03,1
390,2010-06-04,1
391,2010-06-04,1
392,2010-06-04,1
393,2010-06-04,1
394,2010-06-04,1
395,2010-06-07,1
396,2010-06-07,1
397,2010-06-07,1
398,2010-06-09,1
399,2010-06-09,1
400,2010-06-10,1
401,2010-06-11,1
402,2010-06-11,1
403,2010-06-11,1
404,2010-06-11,1
405,2010-06-14,1
406,2010-06-15,1
407,2010-06-15,1
408,2010-06-16,1
409,2010-06-17,1
410,2010-06-17,1
411,2010-06-18,1
412,2010-06-18,1
413,2010-06-18,1
414,2010-06-18,1
415,2010-06-21,1
416,2010-06-21,1
417,2010-06-22,1
418,2010-06-22,1
419,2010-06-24,1
420,2010-06-25,1
421,2010-06-25,1
422,2010-06-25,1
423,2010-06-27,1
424,2010-06-28,1
425,2010-06-28,1
426,2010-06-28,1
427,2010-06-29,1
428,2010-06-29,1
429,2010-06-29,1
430,2010-06-29,1
431,2010-06-29,1
432,2010-06-29,1
433,2010-06-29,1
434,2010-06-29,1
435,2010-06-29,1
436,2010-06-30,1
437,2010-06-30,1
438,2010-06-30,1
439,2010-06-30,1
440,2010-06-30,1
441,2010-07-01,1
442,2010-07-01,1
443,2010-07-01,1
444,2010-07-01,1
445,2010-07-01,1
446,2010-07-01,1
447,2010-07-01,1
448,2010-07-01,1
449,2010-07-01,1
450,2010-07-05,1
451,2010-07-06,1
452,2010-07-06,1
453,2010-07-06,1
454,2010-07-06,1
455,2010-07-09,1
456,2010-07-09,1
457,2010-07-09,1
458,2010-07-09,1
459,2010-07-09,1
460,2010-07-12,1
461,2010-07-12,1
462,2010-07-12,1
463,2010-07-14,1
464,2010-07-15,1
465,2010-07-16,1
466,2010-07-16,1
467,2010-07-16,1
468,2010-07-16,1
469,2010-07-16,1
470,2010-07-16,1
471,2010-07-16,1
472,2010-07-16,1
473,2010-07-16,1
474,2010-07-16,1
475,2010-07-19,1
476,2010-07-20,1
477,2010-07-20,1
478,2010-07-22,1
479,2010-07-22,1
480,2010-07-22,1
481,2010-07-23,1
482,2010-07-23,1
483,2010-07-23,1
484,2010-07-23,1
485,2010-07-23,1
486,2010-07-23,1
487,2010-07-23,1
488,2010-07-23,1
489,2010-07-26,1
490,2010-07-27,1
491,2010-07-27,1
492,2010-07-28,1
493,2010-07-28,1
494,2010-07-28,1
495,2010-07-29,1
496,2010-07-30,1
497,2010-07-30,1
498,2010-07-30,1
499,2010-07-30,1
500,2010-07-30,1
501,2010-07-30,1
502,2010-07-30,1
503,2010-07-30,1
504,2010-07-31,1
505,2010-07-31,1
506,2010-07-31,1
507,2010-07-31,1
508,2010-08-01,1
509,2010-08-02,1
510,2010-08-02,1
511,2010-08-02,1
512,2010-08-02,1
513,2010-08-03,1
514,2010-08-03,1
515,2010-08-03,1
516,2010-08-04,1
517,2010-08-06,1
518,2010-08-06,1
519,2010-08-06,1
520,2010-08-10,1
521,2010-08-11,1
522,2010-08-12,1
523,2010-08-13,1
524,2010-08-13,1
525,2010-08-13,1
526,2010-08-13,1
527,2010-08-15,1
528,2010-08-16,1
529,2010-08-16,1
530,2010-08-17,1
531,2010-08-17,1
532,2010-08-18,1
533,2010-08-18,1
534,2010-08-19,1
535,2010-08-19,1
536,2010-08-19,1
537,2010-08-20,1
538,2010-08-20,1
539,2010-08-20,1
540,2010-08-20,1
541,2010-08-20,1
542,2010-08-20,1
543,2010-08-20,1
544,2010-08-20,1
545,2010-08-20,1
546,2010-08-20,1
547,2010-08-22,1
548,2010-08-23,1
549,2010-08-24,1
550,2010-08-24,1
551,2010-08-25,1
552,2010-08-25,1
553,2010-08-26,1
554,2010-08-27,1
555,2010-08-27,1
556,2010-08-27,1
557,2010-08-29,1
558,2010-08-30,1
559,2010-08-30,1
560,2010-08-31,1
561,2010-08-31,1
562,2010-08-31,1
563,2010-08-31,1
564,2010-08-31,1
565,2010-08-31,1
566,2010-08-31,1
567,2010-09-01,1
568,2010-09-01,1
569,2010-09-01,1
570,2010-09-01,1
571,2010-09-06,1
572,2010-09-06,1
573,2010-09-07,1
574,2010-09-07,1
575,2010-09-07,1
576,2010-09-08,1
577,2010-09-09,1
578,2010-09-10,1
579,2010-09-10,1
580,2010-09-13,1
581,2010-09-15,1
582,2010-09-15,1
583,2010-09-16,1
584,2010-09-17,1
585,2010-09-17,1
586,2010-09-17,1
587,2010-09-17,1
588,2010-09-17,1
589,2010-09-17,1
590,2010-09-17,1
591,2010-09-17,1
592,2010-09-17,1
593,2010-09-20,1
594,2010-09-20,1
595,2010-09-21,1
596,2010-09-21,1
597,2010-09-21,1
598,2010-09-22,1
599,2010-09-23,1
600,2010-09-24,1
601,2010-09-28,1
602,2010-09-29,1
603,2010-09-30,1
604,2010-09-30,1
605,2010-09-30,1
606,2010-09-30,1
607,2010-10-01,1
608,2010-10-01,1
609,2010-10-01,1
610,2010-10-01,1
611,2010-10-01,1
612,2010-10-03,1
613,2010-10-04,1
614,2010-10-04,1
615,2010-10-05,1
616,2010-10-05,1
617,2010-10-06,1
618,2010-10-07,1
619,2010-10-08,1
620,2010-10-08,1
621,2010-10-09,1
622,2010-10-10,1
623,2010-10-10,1
624,2010-10-12,1
625,2010-10-12,1
626,2010-10-13,1
627,2010-10-14,1
628,2010-10-14,1
629,2010-10-18,1
630,2010-10-19,1
631,2010-10-19,1
632,2010-10-20,1
633,2010-10-21,1
634,2010-10-21,1
635,2010-10-21,1
636,2010-10-21,1
637,2010-10-21,1
638,2010-10-21,1
639,2010-10-21,1
640,2010-10-21,1
641,2010-10-26,1
642,2010-10-26,1
643,2010-10-26,1
644,2010-10-26,1
645,2010-10-27,1
646,2010-10-28,1
647,2010-10-28,1
648,2010-10-31,1
649,2010-10-31,1
650,2010-11-01,1
651,2010-11-01,1
652,2010-11-01,1
653,2010-11-01,1
654,2010-11-01,1
655,2010-11-01,1
656,2010-11-01,1
657,2010-11-01,1
658,2010-11-03,1
659,2010-11-03,1
660,2010-11-03,1
661,2010-11-03,1
662,2010-11-04,1
663,2010-11-04,1
664,2010-11-04,1
665,2010-11-04,1
666,2010-11-08,1
667,2010-11-08,1
668,2010-11-08,1
669,2010-11-08,1
670,2010-11-08,1
671,2010-11-08,1
672,2010-11-08,1
673,2010-11-09,1
674,2010-11-09,1
675,2010-11-09,1
676,2010-11-09,1
677,2010-11-09,1
678,2010-11-10,1
679,2010-11-10,1
680,2010-11-10,1
681,2010-11-12,1
682,2010-11-12,1
683,2010-11-12,1
684,2010-11-15,1
685,2010-11-16,1
686,2010-11-17,1
687,2010-11-17,1
688,2010-11-17,1
689,2010-11-17,1
690,2010-11-17,1
691,2010-11-17,1
692,2010-11-19,1
693,2010-11-19,1
694,2010-11-22,1
695,2010-11-29,1
696,2010-11-30,1
697,2010-11-30,1
698,2010-11-30,1
699,2010-11-30,1
700,2010-12-01,1
701,2010-12-01,1
702,2010-12-01,1
703,2010-12-01,1
704,2010-12-02,1
705,2010-12-03,1
706,2010-12-08,1
707,2010-12-09,1
708,2010-12-09,1
709,2010-12-09,1
710,2010-12-09,1
711,2010-12-09,1
712,2010-12-09,1
713,2010-12-10,1
714,2010-12-10,1
715,2010-12-10,1
716,2010-12-12,1
717,2010-12-13,1
718,2010-12-13,1
719,2010-12-14,1
720,2010-12-14,1
721,2010-12-15,1
722,2010-12-15,1
723,2010-12-15,1
724,2010-12-16,1
725,2010-12-16,1
726,2010-12-16,1
727,2010-12-20,1
728,2010-12-20,1
729,2010-12-21,1
730,2010-12-22,1
731,2010-12-22,1
732,2010-12-29,1
733,2010-12-29,1
734,2010-12-31,1
735,2011-01-05,1
736,2011-01-06,1
737,2011-01-06,1
738,2011-01-11,1
739,2011-01-12,1
740,2011-01-13,1
741,2011-01-13,1
742,2011-01-20,1
743,2011-01-21,1
744,2011-01-24,1
745,2011-01-24,1
746,2011-01-25,1
747,2011-01-25,1
748,2011-01-25,1
749,2011-01-28,1
750,2011-01-28,1
751,2011-01-30,1
752,2011-01-31,1
753,2011-01-31,1
754,2011-01-31,1
755,2011-01-31,1
756,2011-02-01,1
757,2011-02-01,1
758,2011-02-01,1
759,2011-02-02,1
760,2011-02-02,1
761,2011-02-06,1
762,2011-02-07,1
763,2011-02-07,1
764,2011-02-07,1
765,2011-02-11,1
766,2011-02-11,1
767,2011-02-14,1
768,2011-02-15,1
769,2011-02-16,1
770,2011-02-16,1
771,2011-02-16,1
772,2011-02-17,1
773,2011-02-18,1
774,2011-02-18,1
775,2011-02-21,1
776,2011-02-23,1
777,2011-02-24,1
778,2011-02-25,1
779,2011-02-25,1
780,2011-02-25,1
781,2011-03-01,1
782,2011-03-01,1
783,2011-03-01,1
784,2011-03-03,1
785,2011-03-03,1
786,2011-03-08,1
787,2011-03-10,1
788,2011-03-17,1
789,2011-03-18,1
790,2011-03-24,1
791,2011-03-28,1
792,2011-03-28,1
793,2011-03-29,1
794,2011-03-29,1
795,2011-03-29,1
796,2011-03-31,1
797,2011-03-31,1
798,2011-03-31,1
799,2011-04-01,1
800,2011-04-01,1
801,2011-04-01,1
802,2011-04-01,1
803,2011-04-01,1
804,2011-04-04,1
805,2011-04-04,1
806,2011-04-06,1
807,2011-04-06,1
808,2011-04-07,1
809,2011-04-07,1
810,2011-04-10,1
811,2011-04-11,1
812,2011-04-11,1
813,2011-04-13,1
814,2011-04-13,1
815,2011-04-13,1
816,2011-04-18,1
817,2011-04-25,1
818,2011-04-26,1
819,2011-04-28,1
820,2011-04-29,1
821,2011-04-29,1
822,2011-05-01,1
823,2011-05-01,1
824,2011-05-02,1
825,2011-05-02,1
826,2011-05-03,1
827,2011-05-05,1
828,2011-05-05,1
829,2011-05-09,1
830,2011-05-12,1
831,2011-05-13,1
832,2011-05-16,1
833,2011-05-20,1
834,2011-05-23,1
835,2011-05-24,1
836,2011-05-31,1
837,2011-05-31,1
838,2011-06-01,1
839,2011-06-01,1
840,2011-06-01,1
841,2011-06-02,1
842,2011-06-02,1
843,2011-06-03,1
844,2011-06-04,1
845,2011-06-10,1
846,2011-06-13,1
847,2011-06-13,1
848,2011-06-14,1
849,2011-06-15,1
850,2011-06-15,1
851,2011-06-17,1
852,2011-06-21,1
853,2011-06-22,1
854,2011-06-24,1
855,2011-06-26,1
856,2011-06-27,1
857,2011-06-27,1
858,2011-06-27,1
859,2011-06-29,1
860,2011-06-30,1
861,2011-06-30,1
862,2011-07-01,1
863,2011-07-01,1
864,2011-07-01,1
865,2011-07-01,1
866,2011-07-01,1
867,2011-07-06,1
868,2011-07-08,1
869,2011-07-13,1
870,2011-07-15,1
871,2011-07-21,1
872,2011-07-22,1
873,2011-07-22,1
874,2011-07-22,1
875,2011-07-28,1
876,2011-07-29,1
877,2011-08-01,1
878,2011-08-01,1
879,2011-08-01,1
880,2011-08-01,1
881,2011-08-02,1
882,2011-08-12,1
883,2011-08-12,1
884,2011-08-15,1
885,2011-08-15,1
886,2011-08-15,1
887,2011-08-15,1
888,2011-08-19,1
889,2011-08-24,1
890,2011-08-24,1
891,2011-08-26,1
892,2011-08-30,1
893,2011-08-30,1
894,2011-08-30,1
895,2011-08-31,1
896,2011-08-31,1
897,2011-08-31,1
898,2011-08-31,1
899,2011-08-31,1
900,2011-08-31,1
901,2011-09-07,1
902,2011-09-07,1
903,2011-09-08,1
904,2011-09-08,1
905,2011-09-08,1
906,2011-09-13,1
907,2011-09-14,1
908,2011-09-14,1
909,2011-09-15,1
910,2011-09-23,1
911,2011-09-23,1
912,2011-09-26,1
913,2011-09-27,1
914,2011-09-28,1
915,2011-09-28,1
916,2011-09-28,1
917,2011-09-28,1
918,2011-09-29,1
919,2011-09-29,1
920,2011-09-30,1
921,2011-09-30,1
922,2011-09-30,1
923,2011-10-01,1
924,2011-10-03,1
925,2011-10-04,1
926,2011-10-04,1
927,2011-10-04,1
928,2011-10-04,1
929,2011-10-05,1
930,2011-10-08,1
931,2011-10-10,1
932,2011-10-10,1
933,2011-10-10,1
934,2011-10-10,1
935,2011-10-14,1
936,2011-10-17,1
937,2011-10-18,1
938,2011-10-19,1
939,2011-10-20,1
940,2011-10-20,1
941,2011-10-20,1
942,2011-10-21,1
943,2011-10-25,1
944,2011-10-29,1
945,2011-10-29,1
946,2011-10-30,1
947,2011-10-31,1
948,2011-10-31,1
949,2011-10-31,1
950,2011-10-31,1
951,2011-10-31,1
952,2011-11-01,1
953,2011-11-01,1
954,2011-11-01,1
955,2011-11-03,1
956,2011-11-03,1
957,2011-11-03,1
958,2011-11-07,1
959,2011-11-07,1
960,2011-11-07,1
961,2011-11-09,1
962,2011-11-09,1
963,2011-11-10,1
964,2011-11-14,1
965,2011-11-15,1
966,2011-11-15,1
967,2011-11-15,1
968,2011-11-15,1
969,2011-11-16,1
970,2011-11-16,1
971,2011-11-16,1
972,2011-11-16,1
973,2011-11-16,1
974,2011-11-17,1
975,2011-11-17,1
976,2011-11-21,1
977,2011-11-21,1
978,2011-11-23,1
979,2011-11-28,1
980,2011-11-29,1
981,2011-11-29,1
982,2011-11-30,1
983,2011-11-30,1
984,2011-11-30,1
985,2011-11-30,1
986,2011-11-30,1
987,2011-11-30,1
988,2011-12-01,1
989,2011-12-01,1
990,2011-12-01,1
991,2011-12-02,1
992,2011-12-06,1
993,2011-12-13,1
994,2011-12-13,1
995,2011-12-14,1
996,2011-12-15,1
997,2011-12-15,1
998,2011-12-15,1
999,2011-12-15,1
1000,2011-12-15,1
1001,2011-12-15,1
1002,2011-12-15,1
1003,2011-12-19,1
1004,2011-12-19,1
1005,2011-12-20,1
1006,2011-12-22,1
1007,2011-12-23,1
1008,2011-12-27,1
1009,2011-12-30,1
1010,2011-12-30,1
1011,2011-12-30,1
1012,2011-12-31,1
1013,2011-12-31,1
1014,2011-12-31,1
1015,2011-12-31,1
1016,2012-01-03,1
1017,2012-01-03,1
1018,2012-01-03,1
1019,2012-01-03,1
1020,2012-01-03,1
1021,2012-01-03,1
1022,2012-01-05,1
1023,2012-01-06,1
1024,2012-01-10,1
1025,2012-01-12,1
1026,2012-01-13,1
1027,2012-01-13,1
1028,2012-01-14,1
1029,2012-01-15,1
1030,2012-01-15,1
1031,2012-01-15,1
1032,2012-01-17,1
1033,2012-01-18,1
1034,2012-01-18,1
1035,2012-01-18,1
1036,2012-01-19,1
1037,2012-01-19,1
1038,2012-01-24,1
1039,2012-01-24,1
1040,2012-01-24,1
1041,2012-01-26,1
1042,2012-01-27,1
1043,2012-01-30,1
1044,2012-01-31,1
1045,2012-01-31,1
1046,2012-01-31,1
1047,2012-01-31,1
1048,2012-02-01,1
1049,2012-02-03,1
1050,2012-02-03,1
1051,2012-02-05,1
1052,2012-02-09,1
1053,2012-02-09,1
1054,2012-02-10,1
1055,2012-02-10,1
1056,2012-02-15,1
1057,2012-02-15,1
1058,2012-02-15,1
1059,2012-02-15,1
1060,2012-02-20,1
1061,2012-02-20,1
1062,2012-02-22,1
1063,2012-02-24,1
1064,2012-02-27,1
1065,2012-02-27,1
1066,2012-02-28,1
1067,2012-02-28,1
1068,2012-03-01,1
1069,2012-03-02,1
1070,2012-03-02,1
1071,2012-03-02,1
1072,2012-03-02,1
1073,2012-03-02,1
1074,2012-03-07,1
1075,2012-03-07,1
1076,2012-03-08,1
1077,2012-03-09,1
1078,2012-03-12,1
1079,2012-03-14,1
1080,2012-03-14,1
1081,2012-03-14,1
1082,2012-03-15,1
1083,2012-03-15,1
1084,2012-03-16,1
1085,2012-03-16,1
1086,2012-03-19,1
1087,2012-03-19,1
1088,2012-03-19,1
1089,2012-03-19,1
1090,2012-03-20,1
1091,2012-03-21,1
1092,2012-03-22,1
1093,2012-03-22,1
1094,2012-03-22,1
1095,2012-03-22,1
1096,2012-03-22,1
1097,2012-03-22,1
1098,2012-03-24,1
1099,2012-03-29,1
1100,2012-03-29,1
1101,2012-03-30,1
1102,2012-03-30,1
1103,2012-03-31,1
1104,2012-04-01,1
1105,2012-04-02,1
1106,2012-04-03,1
1107,2012-04-05,1
1108,2012-04-11,1
1109,2012-04-11,1
1110,2012-04-12,1
1111,2012-04-12,1
1112,2012-04-17,1
1113,2012-04-18,1
1114,2012-04-18,1
1115,2012-04-18,1
1116,2012-04-19,1
1117,2012-04-19,1
1118,2012-04-20,1
1119,2012-04-20,1
1120,2012-04-24,1
1121,2012-05-03,1
1122,2012-05-03,1
1123,2012-05-07,1
1124,2012-05-07,1
1125,2012-05-08,1
1126,2012-05-08,1
1127,2012-05-09,1
1128,2012-05-14,1
1129,2012-05-14,1
1130,2012-05-14,1
1131,2012-05-15,1
1132,2012-05-15,1
1133,2012-05-17,1
1134,2012-05-24,1
1135,2012-05-30,1
1136,2012-05-30,1
1137,2012-06-01,1
1138,2012-06-01,1
1139,2012-06-02,1
1140,2012-06-04,1
1141,2012-06-04,1
1142,2012-06-06,1
1143,2012-06-11,1
1144,2012-06-11,1
1145,2012-06-11,1
1146,2012-06-11,1
1147,2012-06-11,1
1148,2012-06-12,1
1149,2012-06-12,1
1150,2012-06-12,1
1151,2012-06-15,1
1152,2012-06-15,1
1153,2012-06-16,1
1154,2012-06-20,1
1155,2012-06-25,1
1156,2012-06-25,1
1157,2012-06-27,1
1158,2012-06-28,1
1159,2012-06-28,1
1160,2012-06-28,1
1161,2012-06-29,1
1162,2012-06-29,1
1163,2012-06-29,1
1164,2012-06-30,1
1165,2012-07-01,1
1166,2012-07-02,1
1167,2012-07-02,1
1168,2012-07-03,1
1169,2012-07-09,1
1170,2012-07-09,1
1171,2012-07-13,1
1172,2012-07-16,1
1173,2012-07-17,1
1174,2012-07-23,1
1175,2012-07-27,1
1176,2012-07-27,1
1177,2012-07-30,1
1178,2012-07-31,1
1179,2012-07-31,1
1180,2012-07-31,1
1181,2012-08-01,1
1182,2012-08-01,1
1183,2012-08-05,1
1184,2012-08-15,1
1185,2012-08-16,1
1186,2012-08-17,1
1187,2012-08-20,1
1188,2012-08-20,1
1189,2012-08-22,1
1190,2012-08-29,1
1191,2012-08-31,1
1192,2012-08-31,1
1193,2012-09-01,1
1194,2012-09-05,1
1195,2012-09-05,1
1196,2012-09-05,1
1197,2012-09-05,1
1198,2012-09-06,1
1199,2012-09-06,1
1200,2012-09-06,1
1201,2012-09-10,1
1202,2012-09-10,1
1203,2012-09-14,1
1204,2012-09-14,1
1205,2012-09-14,1
1206,2012-09-17,1
1207,2012-09-20,1
1208,2012-09-26,1
1209,2012-09-27,1
1210,2012-09-27,1
1211,2012-09-27,1
1212,2012-09-30,1
1213,2012-09-30,1
1214,2012-10-01,1
1215,2012-10-01,1
1216,2012-10-01,1
1217,2012-10-04,1
1218,2012-10-04,1
1219,2012-10-11,1
1220,2012-10-12,1
1221,2012-10-15,1
1222,2012-10-19,1
1223,2012-10-24,1
1224,2012-10-25,1
1225,2012-10-29,1
1226,2012-10-31,1
1227,2012-10-31,1
1228,2012-10-31,1
1229,2012-10-31,1
1230,2012-10-31,1
1231,2012-11-01,1
1232,2012-11-01,1
1233,2012-11-08,1
1234,2012-11-08,1
1235,2012-11-08,1
1236,2012-11-08,1
1237,2012-11-08,1
1238,2012-11-09,1
1239,2012-11-12,1
1240,2012-11-13,1
1241,2012-11-13,1
1242,2012-11-13,1
1243,2012-11-14,1
1244,2012-11-14,1
1245,2012-11-15,1
1246,2012-11-15,1
1247,2012-11-15,1
1248,2012-11-19,1
1249,2012-11-21,1
1250,2012-11-22,1
1251,2012-11-22,1
1252,2012-11-23,1
1253,2012-11-23,1
1254,2012-11-26,1
1255,2012-11-26,1
1256,2012-11-27,1
1257,2012-11-30,1
1258,2012-12-01,1
1259,2012-12-01,1
1260,2012-12-03,1
1261,2012-12-03,1
1262,2012-12-03,1
1263,2012-12-05,1
1264,2012-12-05,1
1265,2012-12-05,1
1266,2012-12-08,1
1267,2012-12-10,1
1268,2012-12-11,1
1269,2012-12-11,1
1270,2012-12-11,1
1271,2012-12-12,1
1272,2012-12-14,1
1273,2012-12-14,1
1274,2012-12-15,1
1275,2012-12-15,1
1276,2012-12-15,1
1277,2012-12-16,1
1278,2012-12-17,1
1279,2012-12-17,1
1280,2012-12-17,1
1281,2012-12-21,1
1282,2012-12-21,1
1283,2012-12-21,1
1284,2012-12-21,1
1285,2012-12-26,1
1286,2012-12-31,1
1287,2012-12-31,1
1288,2012-12-31,1
1289,2012-12-31,1
1290,2012-12-31,1
1291,2012-12-31,1
1292,2013-01-01,1
1293,2013-01-01,1
1294,2013-01-03,1
1295,2013-01-05,1
1296,2013-01-11,1
1297,2013-01-14,1
1298,2013-01-14,1
1299,2013-01-14,1
1300,2013-01-15,1
1301,2013-01-15,1
1302,2013-01-15,1
1303,2013-01-21,1
1304,2013-01-24,1
1305,2013-01-24,1
1306,2013-01-25,1
1307,2013-01-25,1
1308,2013-01-27,1
1309,2013-01-27,1
1310,2013-01-28,1
1311,2013-01-28,1
1312,2013-01-28,1
1313,2013-01-30,1
1314,2013-01-31,1
1315,2013-02-01,1
1316,2013-02-01,1
1317,2013-02-01,1
1318,2013-02-01,1
1319,2013-02-06,1
1320,2013-02-07,1
1321,2013-02-12,1
1322,2013-02-12,1
1323,2013-02-13,1
1324,2013-02-14,1
1325,2013-02-17,1
1326,2013-02-18,1
1327,2013-02-19,1
1328,2013-02-21,1
1329,2013-02-22,1
1330,2013-02-25,1
1331,2013-02-25,1
1332,2013-02-28,1
1333,2013-02-28,1
1334,2013-02-28,1
1335,2013-03-02,1
1336,2013-03-02,1
1337,2013-03-06,1
1338,2013-03-07,1
1339,2013-03-08,1
1340,2013-03-09,1
1341,2013-03-11,1
1342,2013-03-13,1
1343,2013-03-15,1
1344,2013-03-15,1
1345,2013-03-15,1
1346,2013-03-15,1
1347,2013-03-15,1
1348,2013-03-18,1
1349,2013-03-18,1
1350,2013-03-18,1
1351,2013-03-18,1
1352,2013-03-18,1
1353,2013-03-20,1
1354,2013-03-20,1
1355,2013-03-25,1
1356,2013-03-25,1
1357,2013-03-25,1
1358,2013-03-25,1
1359,2013-03-25,1
1360,2013-03-28,1
1361,2013-03-30,1
1362,2013-04-01,1
1363,2013-04-01,1
1364,2013-04-02,1
1365,2013-04-04,1
1366,2013-04-05,1
1367,2013-04-07,1
1368,2013-04-08,1
1369,2013-04-15,1
1370,2013-04-15,1
1371,2013-04-15,1
1372,2013-04-19,1
1373,2013-04-24,1
1374,2013-04-26,1
1375,2013-04-29,1
1376,2013-04-30,1
1377,2013-04-30,1
1378,2013-04-30,1
1379,2013-04-30,1
1380,2013-04-30,1
1381,2013-04-30,1
1382,2013-04-30,1
1383,2013-04-30,1
1384,2013-04-30,1
1385,2013-05-01,1
1386,2013-05-01,1
1387,2013-05-01,1
1388,2013-05-01,1
1389,2013-05-01,1
1390,2013-05-01,1
1391,2013-05-03,1
1392,2013-05-06,1
1393,2013-05-13,1
1394,2013-05-13,1
1395,2013-05-15,1
1396,2013-05-15,1
1397,2013-05-15,1
1398,2013-05-15,1
1399,2013-05-16,1
1400,2013-05-17,1
1401,2013-05-19,1
1402,2013-05-23,1
1403,2013-05-23,1
1404,2013-05-23,1
1405,2013-05-23,1
1406,2013-05-27,1
1407,2013-05-31,1
1408,2013-06-02,1
1409,2013-06-03,1
1410,2013-06-03,1
1411,2013-06-04,1
1412,2013-06-05,1
1413,2013-06-07,1
1414,2013-06-07,1
1415,2013-06-10,1
1416,2013-06-10,1
1417,2013-06-10,1
1418,2013-06-10,1
1419,2013-06-10,1
1420,2013-06-11,1
1421,2013-06-11,1
1422,2013-06-14,1
1423,2013-06-14,1
1424,2013-06-15,1
1425,2013-06-15,1
1426,2013-06-15,1
1427,2013-06-15,1
1428,2013-06-15,1
1429,2013-06-17,1
1430,2013-06-18,1
1431,2013-06-19,1
1432,2013-06-21,1
1433,2013-06-24,1
1434,2013-06-25,1
1435,2013-06-28,1
1436,2013-06-30,1
1437,2013-06-30,1
1438,2013-06-30,1
1439,2013-07-01,1
1440,2013-07-01,1
1441,2013-07-01,1
1442,2013-07-02,1
1443,2013-07-02,1
1444,2013-07-02,1
1445,2013-07-03,1
1446,2013-07-03,1
1447,2013-07-04,1
1448,2013-07-04,1
1449,2013-07-04,1
1450,2013-07-04,1
1451,2013-07-05,1
1452,2013-07-09,1
1453,2013-07-11,1
1454,2013-07-12,1
1455,2013-07-12,1
1456,2013-07-15,1
1457,2013-07-15,1
1458,2013-07-15,1
1459,2013-07-15,1
1460,2013-07-17,1
1461,2013-07-18,1
1462,2013-07-18,1
1463,2013-07-21,1
1464,2013-07-23,1
1465,2013-07-24,1
1466,2013-07-30,1
1467,2013-07-31,1
1468,2013-07-31,1
1469,2013-08-01,1
1470,2013-08-02,1
1471,2013-08-03,1
1472,2013-08-04,1
1473,2013-08-12,1
1474,2013-08-15,1
1475,2013-08-15,1
1476,2013-08-15,1
1477,2013-08-15,1
1478,2013-08-15,1
1479,2013-08-15,1
1480,2013-08-20,1
1481,2013-08-20,1
1482,2013-08-20,1
1483,2013-08-20,1
1484,2013-08-22,1
1485,2013-08-27,1
1486,2013-08-28,1
1487,2013-08-29,1
1488,2013-09-03,1
1489,2013-09-03,1
1490,2013-09-10,1
1491,2013-09-12,1
1492,2013-09-12,1
1493,2013-09-16,1
1494,2013-09-16,1
1495,2013-09-16,1
1496,2013-09-17,1
1497,2013-09-25,1
1498,2013-09-25,1
1499,2013-09-25,1
1500,2013-09-25,1
1501,2013-09-27,1
1502,2013-09-27,1
1503,2013-09-27,1
1504,2013-09-30,1
1505,2013-09-30,1
1506,2013-09-30,1
1507,2013-09-30,1
1508,2013-10-01,1
1509,2013-10-01,1
1510,2013-10-01,1
1511,2013-10-01,1
1512,2013-10-03,1
1513,2013-10-03,1
1514,2013-10-09,1
1515,2013-10-11,1
1516,2013-10-14,1
1517,2013-10-15,1
1518,2013-10-25,1
1519,2013-10-25,1
1520,2013-10-27,1
1521,2013-10-28,1
1522,2013-10-29,1
1523,2013-10-30,1
1524,2013-10-30,1
1525,2013-10-30,1
1526,2013-11-04,1
1527,2013-11-06,1
1528,2013-11-07,1
1529,2013-11-07,1
1530,2013-11-12,1
1531,2013-11-14,1
1532,2013-11-15,1
1533,2013-11-17,1
1534,2013-11-19,1
1535,2013-11-21,1
1536,2013-11-21,1
1537,2013-11-22,1
1538,2013-11-25,1
1539,2013-11-25,1
1540,2013-11-26,1
1541,2013-11-27,1
1542,2013-11-29,1
1543,2013-12-01,1
1544,2013-12-03,1
1545,2013-12-03,1
1546,2013-12-07,1
1547,2013-12-09,1
1548,2013-12-11,1
1549,2013-12-11,1
1550,2013-12-15,1
1551,2013-12-15,1
1552,2013-12-15,1
1553,2013-12-16,1
1554,2013-12-16,1
1555,2013-12-17,1
1556,2013-12-17,1
1557,2013-12-18,1
1558,2013-12-18,1
1559,2013-12-18,1
1560,2013-12-19,1
1561,2013-12-20,1
1562,2013-12-20,1
1563,2013-12-20,1
1564,2013-12-23,1
1565,2013-12-23,1
1566,2013-12-23,1
1567,2013-12-23,1
1568,2013-12-26,1
1569,2013-12-27,1
1570,2013-12-31,1
1571,2013-12-31,1
1572,2013-12-31,1
1573,2013-12-31,1
1574,2014-01-15,1
1575,2014-01-22,1
1576,2014-01-27,1
1577,2014-01-31,1
1578,2014-02-01,1
1579,2014-02-01,1
1580,2014-02-01,1
1581,2014-02-04,1
1582,2014-02-04,1
1583,2014-02-04,1
1584,2014-02-11,1
1585,2014-02-15,1
1586,2014-02-18,1
1587,2014-02-21,1
1588,2014-02-24,1
1589,2014-02-28,1
1590,2014-03-03,1
1591,2014-03-04,1
1592,2014-03-05,1
1593,2014-03-05,1
1594,2014-03-07,1
1595,2014-03-07,1
1596,2014-03-10,1
1597,2014-03-13,1
1598,2014-03-14,1
1599,2014-03-15,1
1600,2014-03-17,1
1601,2014-03-17,1
1602,2014-03-18,1
1603,2014-03-20,1
1604,2014-03-20,1
1605,2014-03-20,1
1606,2014-03-21,1
1607,2014-03-25,1
1608,2014-03-25,1
1609,2014-03-28,1
1610,2014-03-28,1
1611,2014-03-31,1
1612,2014-04-01,1
1613,2014-04-01,1
1614,2014-04-01,1
1615,2014-04-03,1
1616,2014-04-04,1
1617,2014-04-07,1
1618,2014-04-07,1
1619,2014-04-07,1
1620,2014-04-13,1
1621,2014-04-14,1
1622,2014-04-15,1
1623,2014-04-18,1
1624,2014-04-21,1
1625,2014-04-28,1
1626,2014-04-29,1
1627,2014-04-29,1
1628,2014-04-29,1
1629,2014-04-29,1
1630,2014-04-30,1
1631,2014-04-30,1
1632,2014-05-01,1
1633,2014-05-04,1
1634,2014-05-05,1
1635,2014-05-05,1
1636,2014-05-07,1
1637,2014-05-09,1
1638,2014-05-12,1
1639,2014-05-14,1
1640,2014-05-15,1
1641,2014-05-17,1
1642,2014-05-22,1
1643,2014-05-30,1
1644,2014-06-02,1
1645,2014-06-04,1
1646,2014-06-04,1
1647,2014-06-04,1
1648,2014-06-14,1
1649,2014-06-14,1
1650,2014-06-15,1
1651,2014-06-15,1
1652,2014-06-16,1
1653,2014-06-18,1
1654,2014-06-18,1
1655,2014-06-19,1
1656,2014-06-19,1
1657,2014-06-20,1
1658,2014-06-21,1
1659,2014-06-30,1
1660,2014-06-30,1
1661,2014-06-30,1
1662,2014-07-02,1
1663,2014-07-02,1
1664,2014-07-02,1
1665,2014-07-03,1
1666,2014-07-04,1
1667,2014-07-07,1
1668,2014-07-10,1
1669,2014-07-14,1
1670,2014-07-14,1
1671,2014-07-15,1
1672,2014-07-15,1
1673,2014-07-15,1
1674,2014-07-15,1
1675,2014-07-16,1
1676,2014-07-18,1
1677,2014-07-18,1
1678,2014-07-24,1
1679,2014-07-28,1
1680,2014-07-28,1
1681,2014-07-30,1
1682,2014-07-30,1
1683,2014-07-30,1
1684,2014-07-31,1
1685,2014-07-31,1
1686,2014-08-01,1
1687,2014-08-01,1
1688,2014-08-01,1
1689,2014-08-01,1
1690,2014-08-05,1
1691,2014-08-07,1
1692,2014-08-08,1
1693,2014-08-10,1
1694,2014-08-12,1
1695,2014-08-14,1
1696,2014-08-15,1
1697,2014-08-15,1
1698,2014-08-15,1
1699,2014-08-15,1
1700,2014-08-18,1
1701,2014-08-18,1
1702,2014-08-18,1
1703,2014-08-24,1
1704,2014-08-25,1
1705,2014-08-29,1
1706,2014-09-01,1
1707,2014-09-01,1
1708,2014-09-02,1
1709,2014-09-05,1
1710,2014-09-11,1
1711,2014-09-14,1
1712,2014-09-14,1
1713,2014-09-14,1
1714,2014-09-14,1
1715,2014-09-15,1
1716,2014-09-15,1
1717,2014-09-15,1
1718,2014-09-15,1
1719,2014-09-15,1
1720,2014-09-15,1
1721,2014-09-17,1
1722,2014-09-19,1
1723,2014-09-29,1
1724,2014-09-30,1
1725,2014-09-30,1
1726,2014-09-30,1
1727,2014-10-01,1
1728,2014-10-02,1
1729,2014-10-06,1
1730,2014-10-06,1
1731,2014-10-08,1
1732,2014-10-09,1
1733,2014-10-10,1
1734,2014-10-15,1
1735,2014-10-17,1
1736,2014-10-21,1
1737,2014-10-21,1
1738,2014-10-22,1
1739,2014-10-30,1
1740,2014-11-01,1
1741,2014-11-03,1
1742,2014-11-06,1
1743,2014-11-07,1
1744,2014-11-07,1
1745,2014-11-09,1
1746,2014-11-09,1
1747,2014-11-15,1
1748,2014-11-17,1
1749,2014-11-17,1
1750,2014-11-20,1
1751,2014-11-24,1
1752,2014-11-28,1
1753,2014-12-01,1
1754,2014-12-02,1
1755,2014-12-04,1
1756,2014-12-08,1
1757,2014-12-08,1
1758,2014-12-09,1
1759,2014-12-15,1
1760,2014-12-17,1
1761,2014-12-17,1
1762,2014-12-22,1
1763,2014-12-22,1
1764,2014-12-30,1
1765,2014-12-31,1
1766,2014-12-31,1
1767,2015-01-01,1
1768,2015-01-01,1
1769,2015-01-02,1
1770,2015-01-02,1
1771,2015-01-05,1
1772,2015-01-05,1
1773,2015-01-07,1
1774,2015-01-10,1
1775,2015-01-13,1
1776,2015-01-15,1
1777,2015-01-21,1
1778,2015-01-25,1
1779,2015-01-25,1
1780,2015-01-25,1
1781,2015-01-26,1
1782,2015-01-27,1
1783,2015-01-27,1
1784,2015-01-28,1
1785,2015-01-28,1
1786,2015-01-28,1
1787,2015-01-31,1
1788,2015-01-31,1
1789,2015-02-01,1
1790,2015-02-01,1
1791,2015-02-01,1
1792,2015-02-04,1
1793,2015-02-04,1
1794,2015-02-04,1
1795,2015-02-05,1
1796,2015-02-05,1
1797,2015-02-08,1
1798,2015-02-09,1
1799,2015-02-10,1
1800,2015-02-12,1
1801,2015-02-13,1
1802,2015-02-13,1
1803,2015-02-18,1
1804,2015-02-19,1
1805,2015-02-23,1
1806,2015-02-23,1
1807,2015-02-27,1
1808,2015-02-27,1
1809,2015-02-28,1
1810,2015-02-28,1
1811,2015-03-01,1
1812,2015-03-03,1
1813,2015-03-03,1
1814,2015-03-03,1
1815,2015-03-05,1
1816,2015-03-06,1
1817,2015-03-06,1
1818,2015-03-08,1
1819,2015-03-09,1
1820,2015-03-09,1
1821,2015-03-11,1
1822,2015-03-11,1
1823,2015-03-11,1
1824,2015-03-12,1
1825,2015-03-12,1
1826,2015-03-12,1
1827,2015-03-14,1
1828,2015-03-17,1
1829,2015-03-18,1
1830,2015-03-20,1
1831,2015-03-20,1
1832,2015-03-21,1
1833,2015-03-23,1
1834,2015-03-25,1
1835,2015-03-27,1
1836,2015-03-31,1
1837,2015-03-31,1
1838,2015-03-31,1
1839,2015-03-31,1
1840,2015-04-01,1
1841,2015-04-02,1
1842,2015-04-02,1
1843,2015-04-06,1
1844,2015-04-07,1
1845,2015-04-07,1
1846,2015-04-07,1
1847,2015-04-07,1
1848,2015-04-07,1
1849,2015-04-07,1
1850,2015-04-13,1
1851,2015-04-15,1
1852,2015-04-15,1
1853,2015-04-16,1
1854,2015-04-17,1
1855,2015-04-17,1
1856,2015-04-17,1
1857,2015-04-17,1
1858,2015-04-19,1
1859,2015-04-20,1
1860,2015-04-20,1
1861,2015-04-21,1
1862,2015-04-21,1
1863,2015-04-21,1
1864,2015-04-27,1
1865,2015-04-28,1
1866,2015-04-28,1
1867,2015-04-28,1
1868,2015-04-29,1
1869,2015-04-30,1
1870,2015-04-30,1
1871,2015-05-01,1
1872,2015-05-04,1
1873,2015-05-04,1
1874,2015-05-05,1
1875,2015-05-05,1
1876,2015-05-08,1
1877,2015-05-08,1
1878,2015-05-11,1
1879,2015-05-11,1
1880,2015-05-12,1
1881,2015-05-15,1
1882,2015-05-15,1
1883,2015-05-15,1
1884,2015-05-16,1
1885,2015-05-18,1
1886,2015-05-21,1
1887,2015-05-21,1
1888,2015-05-21,1
1889,2015-05-22,1
1890,2015-05-26,1
1891,2015-05-26,1
1892,2015-05-26,1
1893,2015-05-27,1
1894,2015-05-28,1
1895,2015-05-31,1
1896,2015-06-01,1
1897,2015-06-01,1
1898,2015-06-09,1
1899,2015-06-10,1
1900,2015-06-10,1
1901,2015-06-11,1
1902,2015-06-14,1
1903,2015-06-14,1
1904,2015-06-15,1
1905,2015-06-15,1
1906,2015-06-19,1
1907,2015-06-19,1
1908,2015-06-19,1
1909,2015-06-23,1
1910,2015-06-25,1
1911,2015-06-25,1
1912,2015-06-25,1
1913,2015-06-25,1
1914,2015-06-29,1
1915,2015-06-29,1
1916,2015-06-29,1
1917,2015-06-29,1
1918,2015-06-29,1
1919,2015-06-29,1
1920,2015-06-30,1
1921,2015-06-30,1
1922,2015-06-30,1
1923,2015-06-30,1
1924,2015-06-30,1
1925,2015-07-01,1
1926,2015-07-02,1
1927,2015-07-02,1
1928,2015-07-02,1
1929,2015-07-04,1
1930,2015-07-07,1
1931,2015-07-07,1
1932,2015-07-08,1
1933,2015-07-08,1
1934,2015-07-10,1
1935,2015-07-10,1
1936,2015-07-12,1
1937,2015-07-13,1
1938,2015-07-14,1
1939,2015-07-15,1
1940,2015-07-15,1
1941,2015-07-19,1
1942,2015-07-20,1
1943,2015-07-20,1
1944,2015-07-20,1
1945,2015-07-20,1
1946,2015-07-20,1
1947,2015-07-20,1
1948,2015-07-20,1
1949,2015-07-24,1
1950,2015-07-29,1
1951,2015-07-29,1
1952,2015-07-29,1
1953,2015-07-31,1
1954,2015-08-03,1
1955,2015-08-03,1
1956,2015-08-08,1
1957,2015-08-12,1
1958,2015-08-12,1
1959,2015-08-13,1
1960,2015-08-13,1
1961,2015-08-13,1
1962,2015-08-14,1
1963,2015-08-24,1
1964,2015-08-27,1
1965,2015-08-28,1
1966,2015-08-28,1
1967,2015-08-28,1
1968,2015-08-31,1
1969,2015-08-31,1
1970,2015-08-31,1
1971,2015-09-01,1
1972,2015-09-01,1
1973,2015-09-01,1
1974,2015-09-08,1
1975,2015-09-08,1
1976,2015-09-09,1
1977,2015-09-09,1
1978,2015-09-09,1
1979,2015-09-11,1
1980,2015-09-11,1
1981,2015-09-15,1
1982,2015-09-16,1
1983,2015-09-16,1
1984,2015-09-18,1
1985,2015-09-18,1
1986,2015-09-18,1
1987,2015-09-20,1
1988,2015-09-20,1
1989,2015-09-23,1
1990,2015-09-25,1
1991,2015-09-25,1
1992,2015-09-25,1
1993,2015-09-25,1
1994,2015-09-25,1
1995,2015-09-29,1
1996,2015-09-29,1
1997,2015-09-29,1
1998,2015-09-29,1
1999,2015-09-29,1
2000,2015-09-30,1
2001,2015-09-30,1
2002,2015-09-30,1
2003,2015-09-30,1
2004,2015-10-01,1
2005,2015-10-02,1
2006,2015-10-03,1
2007,2015-10-05,1
2008,2015-10-05,1
2009,2015-10-08,1
2010,2015-10-08,1
2011,2015-10-13,1
2012,2015-10-13,1
2013,2015-10-14,1
2014,2015-10-14,1
2015,2015-10-14,1
2016,2015-10-19,1
2017,2015-10-20,1
2018,2015-10-22,1
2019,2015-10-22,1
2020,2015-10-22,1
2021,2015-10-23,1
2022,2015-10-26,1
2023,2015-10-26,1
2024,2015-10-27,1
2025,2015-10-28,1
2026,2015-10-28,1
2027,2015-10-29,1
2028,2015-10-30,1
2029,2015-10-30,1
2030,2015-10-31,1
2031,2015-11-01,1
2032,2015-11-02,1
2033,2015-11-02,1
2034,2015-11-03,1
2035,2015-11-04,1
2036,2015-11-05,1
2037,2015-11-06,1
2038,2015-11-09,1
2039,2015-11-09,1
2040,2015-11-09,1
2041,2015-11-10,1
2042,2015-11-10,1
2043,2015-11-11,1
2044,2015-11-12,1
2045,2015-11-13,1
2046,2015-11-13,1
2047,2015-11-16,1
2048,2015-11-17,1
2049,2015-11-17,1
2050,2015-11-19,1
2051,2015-11-19,1
2052,2015-11-20,1
2053,2015-11-22,1
2054,2015-11-22,1
2055,2015-11-23,1
2056,2015-11-23,1
2057,2015-11-24,1
2058,2015-11-25,1
2059,2015-11-25,1
2060,2015-11-25,1
2061,2015-11-25,1
2062,2015-11-27,1
2063,2015-11-30,1
2064,2015-12-01,1
2065,2015-12-01,1
2066,2015-12-02,1
2067,2015-12-03,1
2068,2015-12-04,1
2069,2015-12-04,1
2070,2015-12-05,1
2071,2015-12-06,1
2072,2015-12-06,1
2073,2015-12-07,1
2074,2015-12-08,1
2075,2015-12-09,1
2076,2015-12-09,1
2077,2015-12-10,1
2078,2015-12-11,1
2079,2015-12-11,1
2080,2015-12-15,1
2081,2015-12-15,1
2082,2015-12-15,1
2083,2015-12-15,1
2084,2015-12-15,1
2085,2015-12-18,1
2086,2015-12-18,1
2087,2015-12-18,1
2088,2015-12-19,1
2089,2015-12-20,1
2090,2015-12-21,1
2091,2015-12-21,1
2092,2015-12-21,1
2093,2015-12-21,1
2094,2015-12-21,1
2095,2015-12-22,1
2096,2015-12-22,1
2097,2015-12-23,1
2098,2015-12-24,1
2099,2015-12-24,1
2100,2015-12-24,1
2101,2015-12-24,1
2102,2015-12-27,1
2103,2015-12-29,1
2104,2015-12-29,1
2105,2015-12-30,1
2106,2015-12-31,1
2107,2015-12-31,1
2108,2015-12-31,1
2109,2015-12-31,1
2110,2015-12-31,1
2111,2015-12-31,1
2112,2015-12-31,1
2113,2015-12-31,1
2114,2015-12-31,1
2115,2016-01-01,1
2116,2016-01-07,1
2117,2016-01-11,1
2118,2016-01-12,1
2119,2016-01-12,1
2120,2016-01-13,1
2121,2016-01-13,1
2122,2016-01-14,1
2123,2016-01-14,1
2124,2016-01-16,1
2125,2016-01-21,1
2126,2016-01-21,1
2127,2016-01-26,1
2128,2016-01-27,1
2129,2016-01-27,1
2130,2016-01-27,1
2131,2016-01-28,1
2132,2016-01-31,1
2133,2016-01-31,1
2134,2016-01-31,1
2135,2016-02-01,1
2136,2016-02-01,1
2137,2016-02-02,1
2138,2016-02-02,1
2139,2016-02-02,1
2140,2016-02-03,1
2141,2016-02-05,1
2142,2016-02-08,1
2143,2016-02-08,1
2144,2016-02-09,1
2145,2016-02-09,1
2146,2016-02-10,1
2147,2016-02-12,1
2148,2016-02-12,1
2149,2016-02-13,1
2150,2016-02-13,1
2151,2016-02-14,1
2152,2016-02-14,1
2153,2016-02-15,1
2154,2016-02-16,1
2155,2016-02-17,1
2156,2016-02-18,1
2157,2016-02-24,1
2158,2016-02-24,1
2159,2016-02-24,1
2160,2016-02-24,1
2161,2016-02-25,1
2162,2016-02-26,1
2163,2016-02-28,1
2164,2016-02-28,1
2165,2016-02-28,1
2166,2016-02-29,1
2167,2016-02-29,1
2168,2016-03-01,1
2169,2016-03-02,1
2170,2016-03-02,1
2171,2016-03-02,1
2172,2016-03-02,1
2173,2016-03-02,1
2174,2016-03-05,1
2175,2016-03-07,1
2176,2016-03-08,1
2177,2016-03-08,1
2178,2016-03-09,1
2179,2016-03-09,1
2180,2016-03-10,1
2181,2016-03-10,1
2182,2016-03-11,1
2183,2016-03-11,1
2184,2016-03-11,1
2185,2016-03-12,1
2186,2016-03-14,1
2187,2016-03-16,1
2188,2016-03-17,1
2189,2016-03-17,1
2190,2016-03-17,1
2191,2016-03-17,1
2192,2016-03-17,1
2193,2016-03-17,1
2194,2016-03-18,1
2195,2016-03-18,1
2196,2016-03-18,1
2197,2016-03-18,1
2198,2016-03-21,1
2199,2016-03-21,1
2200,2016-03-22,1
2201,2016-03-22,1
2202,2016-03-23,1
2203,2016-03-27,1
2204,2016-03-27,1
2205,2016-03-27,1
2206,2016-03-29,1
2207,2016-03-31,1
2208,2016-03-31,1
2209,2016-03-31,1
2210,2016-03-31,1
2211,2016-03-31,1
2212,2016-03-31,1
2213,2016-03-31,1
2214,2016-03-31,1
2215,2016-03-31,1
2216,2016-04-01,1
2217,2016-04-03,1
2218,2016-04-03,1
2219,2016-04-04,1
2220,2016-04-06,1
2221,2016-04-06,1
2222,2016-04-06,1
2223,2016-04-06,1
2224,2016-04-07,1
2225,2016-04-11,1
2226,2016-04-12,1
2227,2016-04-12,1
2228,2016-04-13,1
2229,2016-04-13,1
2230,2016-04-14,1
2231,2016-04-14,1
2232,2016-04-14,1
2233,2016-04-14,1
2234,2016-04-14,1
2235,2016-04-15,1
2236,2016-04-15,1
2237,2016-04-23,1
2238,2016-04-26,1
2239,2016-04-27,1
2240,2016-04-27,1
2241,2016-04-27,1
2242,2016-04-28,1
2243,2016-04-28,1
2244,2016-04-29,1
2245,2016-04-29,1
2246,2016-04-29,1
2247,2016-04-29,1
2248,2016-04-30,1
2249,2016-04-30,1
2250,2016-05-01,1
2251,2016-05-01,1
2252,2016-05-02,1
2253,2016-05-03,1
2254,2016-05-04,1
2255,2016-05-04,1
2256,2016-05-04,1
2257,2016-05-04,1
2258,2016-05-04,1
2259,2016-05-04,1
2260,2016-05-05,1
2261,2016-05-05,1
2262,2016-05-05,1
2263,2016-05-05,1
2264,2016-05-05,1
2265,2016-05-06,1
2266,2016-05-09,1
2267,2016-05-10,1
2268,2016-05-10,1
2269,2016-05-10,1
2270,2016-05-11,1
2271,2016-05-11,1
2272,2016-05-12,1
2273,2016-05-12,1
2274,2016-05-13,1
2275,2016-05-15,1
2276,2016-05-15,1
2277,2016-05-16,1
2278,2016-05-16,1
2279,2016-05-16,1
2280,2016-05-16,1
2281,2016-05-16,1
2282,2016-05-16,1
2283,2016-05-16,1
2284,2016-05-16,1
2285,2016-05-19,1
2286,2016-05-20,1
2287,2016-05-20,1
2288,2016-05-23,1
2289,2016-05-23,1
2290,2016-05-24,1
2291,2016-05-24,1
2292,2016-05-27,1
2293,2016-05-28,1
2294,2016-05-30,1
2295,2016-05-31,1
2296,2016-05-31,1
2297,2016-06-01,1
2298,2016-06-02,1
2299,2016-06-05,1
2300,2016-06-06,1
2301,2016-06-07,1
2302,2016-06-07,1
2303,2016-06-07,1
2304,2016-06-07,1
2305,2016-06-10,1
2306,2016-06-14,1
2307,2016-06-15,1
2308,2016-06-15,1
2309,2016-06-16,1
2310,2016-06-16,1
2311,2016-06-16,1
2312,2016-06-17,1
2313,2016-06-20,1
2314,2016-06-20,1
2315,2016-06-22,1
2316,2016-06-22,1
2317,2016-06-22,1
2318,2016-06-25,1
2319,2016-06-29,1
2320,2016-06-29,1
2321,2016-06-30,1
2322,2016-06-30,1
2323,2016-06-30,1
2324,2016-06-30,1
2325,2016-07-01,1
2326,2016-07-03,1
2327,2016-07-04,1
2328,2016-07-04,1
2329,2016-07-04,1
2330,2016-07-05,1
2331,2016-07-05,1
2332,2016-07-11,1
2333,2016-07-15,1
2334,2016-07-15,1
2335,2016-07-15,1
2336,2016-07-15,1
2337,2016-07-15,1
2338,2016-07-18,1
2339,2016-07-20,1
2340,2016-07-20,1
2341,2016-07-21,1
2342,2016-07-22,1
2343,2016-07-22,1
2344,2016-07-22,1
2345,2016-07-23,1
2346,2016-07-25,1
2347,2016-07-25,1
2348,2016-07-26,1
2349,2016-07-27,1
2350,2016-07-27,1
2351,2016-07-27,1
2352,2016-07-27,1
2353,2016-07-29,1
2354,2016-07-29,1
2355,2016-07-29,1
2356,2016-07-29,1
2357,2016-07-30,1
2358,2016-07-30,1
2359,2016-07-31,1
2360,2016-08-01,1
2361,2016-08-01,1
2362,2016-08-03,1
2363,2016-08-05,1
2364,2016-08-08,1
2365,2016-08-08,1
2366,2016-08-08,1
2367,2016-08-11,1
2368,2016-08-13,1
2369,2016-08-13,1
2370,2016-08-16,1
2371,2016-08-17,1
2372,2016-08-17,1
2373,2016-08-17,1
2374,2016-08-18,1
2375,2016-08-22,1
2376,2016-08-23,1
2377,2016-08-28,1
2378,2016-08-28,1
2379,2016-08-30,1
2380,2016-08-30,1
2381,2016-08-31,1
2382,2016-09-01,1
2383,2016-09-01,1
2384,2016-09-01,1
2385,2016-09-01,1
2386,2016-09-06,1
2387,2016-09-06,1
2388,2016-09-08,1
2389,2016-09-11,1
2390,2016-09-11,1
2391,2016-09-12,1
2392,2016-09-14,1
2393,2016-09-14,1
2394,2016-09-16,1
2395,2016-09-19,1
2396,2016-09-19,1
2397,2016-09-19,1
2398,2016-09-20,1
2399,2016-09-20,1
2400,2016-09-21,1
2401,2016-09-24,1
2402,2016-09-26,1
2403,2016-09-27,1
2404,2016-09-29,1
2405,2016-09-30,1
2406,2016-10-01,1
2407,2016-10-01,1
2408,2016-10-01,1
2409,2016-10-03,1
2410,2016-10-03,1
2411,2016-10-04,1
2412,2016-10-05,1
2413,2016-10-05,1
2414,2016-10-10,1
2415,2016-10-11,1
2416,2016-10-12,1
2417,2016-10-12,1
2418,2016-10-18,1
2419,2016-10-19,1
2420,2016-10-21,1
2421,2016-10-21,1
2422,2016-10-21,1
2423,2016-10-21,1
2424,2016-10-21,1
2425,2016-10-24,1
2426,2016-10-24,1
2427,2016-10-24,1
2428,2016-10-25,1
2429,2016-10-25,1
2430,2016-10-25,1
2431,2016-10-26,1
2432,2016-10-31,1
2433,2016-11-03,1
2434,2016-11-04,1
2435,2016-11-07,1
2436,2016-11-09,1
2437,2016-11-14,1
2438,2016-11-14,1
2439,2016-11-16,1
2440,2016-11-17,1
2441,2016-11-18,1
2442,2016-11-19,1
2443,2016-11-20,1
2444,2016-11-22,1
2445,2016-11-23,1
2446,2016-11-25,1
2447,2016-11-28,1
2448,2016-11-30,1
2449,2016-12-01,1
2450,2016-12-01,1
2451,2016-12-01,1
2452,2016-12-01,1
2453,2016-12-02,1
2454,2016-12-03,1
2455,2016-12-05,1
2456,2016-12-08,1
2457,2016-12-09,1
2458,2016-12-09,1
2459,2016-12-11,1
2460,2016-12-14,1
2461,2016-12-15,1
2462,2016-12-15,1
2463,2016-12-15,1
2464,2016-12-15,1
2465,2016-12-15,1
2466,2016-12-16,1
2467,2016-12-16,1
2468,2016-12-17,1
2469,2016-12-18,1
2470,2016-12-20,1
2471,2016-12-21,1
2472,2016-12-22,1
2473,2016-12-23,1
2474,2016-12-23,1
2475,2016-12-23,1
2476,2016-12-25,1
2477,2016-12-27,1
2478,2016-12-29,1
2479,2016-12-29,1
2480,2016-12-29,1
2481,2016-12-30,1
2482,2016-12-30,1
2483,2016-12-30,1
2484,2016-12-30,1
2485,2016-12-31,1
2486,2016-12-31,1
2487,2016-12-31,1
2488,2016-12-31,1
2489,2016-12-31,1
2490,2016-12-31,1
2491,2017-01-03,1
2492,2017-01-04,1
2493,2017-01-07,1
2494,2017-01-09,1
2495,2017-01-11,1
2496,2017-01-11,1
2497,2017-01-14,1
2498,2017-01-14,1
2499,2017-01-15,1
2500,2017-01-15,1
2501,2017-01-16,1
2502,2017-01-16,1
2503,2017-01-17,1
2504,2017-01-19,1
2505,2017-01-19,1
2506,2017-01-19,1
2507,2017-01-22,1
2508,2017-01-23,1
2509,2017-01-24,1
2510,2017-01-25,1
2511,2017-01-27,1
2512,2017-01-27,1
2513,2017-01-30,1
2514,2017-01-31,1
2515,2017-02-01,1
2516,2017-02-01,1
2517,2017-02-01,1
2518,2017-02-02,1
2519,2017-02-02,1
2520,2017-02-03,1
2521,2017-02-03,1
2522,2017-02-06,1
2523,2017-02-07,1
2524,2017-02-09,1
2525,2017-02-13,1
2526,2017-02-13,1
2527,2017-02-13,1
2528,2017-02-19,1
2529,2017-02-22,1
2530,2017-02-27,1
2531,2017-02-28,1
2532,2017-02-28,1
2533,2017-02-28,1
2534,2017-02-28,1
2535,2017-02-28,1
2536,2017-02-28,1
2537,2017-03-01,1
2538,2017-03-01,1
2539,2017-03-02,1
2540,2017-03-03,1
2541,2017-03-05,1
2542,2017-03-06,1
2543,2017-03-08,1
2544,2017-03-08,1
2545,2017-03-09,1
2546,2017-03-11,1
2547,2017-03-11,1
2548,2017-03-14,1
2549,2017-03-14,1
2550,2017-03-14,1
2551,2017-03-16,1
2552,2017-03-21,1
2553,2017-03-22,1
2554,2017-03-23,1
2555,2017-03-24,1
2556,2017-03-24,1
2557,2017-03-24,1
2558,2017-03-24,1
2559,2017-03-27,1
2560,2017-03-27,1
2561,2017-03-27,1
2562,2017-03-27,1
2563,2017-03-28,1
2564,2017-03-30,1
2565,2017-03-31,1
2566,2017-03-31,1
2567,2017-03-31,1
2568,2017-03-31,1
2569,2017-03-31,1
2570,2017-03-31,1
2571,2017-04-03,1
2572,2017-04-03,1
2573,2017-04-04,1
2574,2017-04-06,1
2575,2017-04-06,1
2576,2017-04-06,1
2577,2017-04-06,1
2578,2017-04-07,1
2579,2017-04-10,1
2580,2017-04-10,1
2581,2017-04-12,1
2582,2017-04-12,1
2583,2017-04-12,1
2584,2017-04-13,1
2585,2017-04-14,1
2586,2017-04-15,1
2587,2017-04-20,1
2588,2017-04-24,1
2589,2017-04-28,1
2590,2017-04-28,1
2591,2017-04-30,1
2592,2017-04-30,1
2593,2017-04-30,1
2594,2017-04-30,1
2595,2017-05-01,1
2596,2017-05-01,1
2597,2017-05-01,1
2598,2017-05-01,1
2599,2017-05-02,1
2600,2017-05-04,1
2601,2017-05-05,1
2602,2017-05-08,1
2603,2017-05-09,1
2604,2017-05-09,1
2605,2017-05-09,1
2606,2017-05-09,1
2607,2017-05-10,1
2608,2017-05-12,1
2609,2017-05-15,1
2610,2017-05-15,1
2611,2017-05-15,1
2612,2017-05-17,1
2613,2017-05-19,1
2614,2017-05-20,1
2615,2017-05-22,1
2616,2017-05-23,1
2617,2017-05-25,1
2618,2017-05-25,1
2619,2017-05-31,1
2620,2017-05-31,1
2621,2017-06-01,1
2622,2017-06-07,1
2623,2017-06-07,1
2624,2017-06-07,1
2625,2017-06-09,1
2626,2017-06-11,1
2627,2017-06-12,1
2628,2017-06-14,1
2629,2017-06-14,1
2630,2017-06-14,1
2631,2017-06-14,1
2632,2017-06-14,1
2633,2017-06-15,1
2634,2017-06-15,1
2635,2017-06-15,1
2636,2017-06-20,1
2637,2017-06-21,1
2638,2017-06-21,1
2639,2017-06-21,1
2640,2017-06-27,1
2641,2017-06-28,1
2642,2017-06-29,1
2643,2017-06-30,1
2644,2017-06-30,1
2645,2017-06-30,1
2646,2017-07-05,1
2647,2017-07-05,1
2648,2017-07-11,1
2649,2017-07-13,1
2650,2017-07-14,1
2651,2017-07-15,1
2652,2017-07-15,1
2653,2017-07-24,1
2654,2017-07-30,1
2655,2017-07-30,1
2656,2017-07-30,1
2657,2017-08-01,1
2658,2017-08-02,1
2659,2017-08-02,1
2660,2017-08-02,1
2661,2017-08-04,1
2662,2017-08-07,1
2663,2017-08-08,1
2664,2017-08-10,1
2665,2017-08-13,1
2666,2017-08-13,1
2667,2017-08-14,1
2668,2017-08-14,1
2669,2017-08-17,1
2670,2017-08-19,1
2671,2017-08-25,1
2672,2017-08-25,1
2673,2017-08-28,1
2674,2017-08-28,1
2675,2017-08-28,1
2676,2017-08-29,1
2677,2017-08-29,1
2678,2017-08-31,1
2679,2017-08-31,1
2680,2017-09-01,1
2681,2017-09-06,1
2682,2017-09-07,1
2683,2017-09-11,1
2684,2017-09-11,1
2685,2017-09-18,1
2686,2017-09-18,1
2687,2017-09-18,1
2688,2017-09-22,1
2689,2017-09-29,1
2690,2017-09-29,1
2691,2017-09-29,1
2692,2017-09-29,1
2693,2017-09-29,1
2694,2017-09-30,1
2695,2017-10-01,1
2696,2017-10-02,1
2697,2017-10-04,1
2698,2017-10-06,1
2699,2017-10-12,1
2700,2017-10-15,1
2701,2017-10-18,1
2702,2017-10-18,1
2703,2017-10-19,1
2704,2017-10-20,1
2705,2017-10-21,1
2706,2017-10-23,1
2707,2017-10-23,1
2708,2017-10-26,1
2709,2017-10-27,1
2710,2017-10-30,1
2711,2017-10-30,1
2712,2017-10-31,1
2713,2017-10-31,1
2714,2017-11-01,1
2715,2017-11-02,1
2716,2017-11-02,1
2717,2017-11-03,1
2718,2017-11-03,1
2719,2017-11-06,1
2720,2017-11-07,1
2721,2017-11-07,1
2722,2017-11-07,1
2723,2017-11-07,1
2724,2017-11-09,1
2725,2017-11-11,1
2726,2017-11-12,1
2727,2017-11-12,1
2728,2017-11-12,1
2729,2017-11-13,1
2730,2017-11-13,1
2731,2017-11-14,1
2732,2017-11-14,1
2733,2017-11-15,1
2734,2017-11-15,1
2735,2017-11-17,1
2736,2017-11-17,1
2737,2017-11-17,1
2738,2017-11-21,1
2739,2017-11-21,1
2740,2017-11-21,1
2741,2017-11-22,1
2742,2017-11-24,1
2743,2017-11-26,1
2744,2017-11-26,1
2745,2017-11-27,1
2746,2017-11-28,1
2747,2017-11-29,1
2748,2017-11-29,1
2749,2017-11-30,1
2750,2017-11-30,1
2751,2017-12-05,1
2752,2017-12-06,1
2753,2017-12-07,1
2754,2017-12-07,1
2755,2017-12-11,1
2756,2017-12-12,1
2757,2017-12-12,1
2758,2017-12-12,1
2759,2017-12-15,1
2760,2017-12-15,1
2761,2017-12-15,1
2762,2017-12-15,1
2763,2017-12-15,1
2764,2017-12-15,1
2765,2017-12-16,1
2766,2017-12-17,1
2767,2017-12-17,1
2768,2017-12-17,1
2769,2017-12-18,1
2770,2017-12-18,1
2771,2017-12-18,1
2772,2017-12-19,1
2773,2017-12-20,1
2774,2017-12-21,1
2775,2017-12-21,1
2776,2017-12-22,1
2777,2017-12-22,1
2778,2017-12-22,1
2779,2017-12-26,1
2780,2017-12-26,1
2781,2017-12-28,1
2782,2017-12-29,1
2783,2017-12-29,1
2784,2017-12-31,1
2785,2017-12-31,1
2786,2018-01-01,1
2787,2018-01-05,1
2788,2018-01-05,1
2789,2018-01-08,1
2790,2018-01-09,1
2791,2018-01-09,1
2792,2018-01-09,1
2793,2018-01-12,1
2794,2018-01-13,1
2795,2018-01-14,1
2796,2018-01-14,1
2797,2018-01-14,1
2798,2018-01-14,1
2799,2018-01-15,1
2800,2018-01-15,1
2801,2018-01-16,1
2802,2018-01-18,1
2803,2018-01-18,1
2804,2018-01-18,1
2805,2018-01-21,1
2806,2018-01-25,1
2807,2018-01-25,1
2808,2018-01-26,1
2809,2018-01-27,1
2810,2018-01-27,1
2811,2018-01-28,1
2812,2018-01-28,1
2813,2018-01-29,1
2814,2018-01-29,1
2815,2018-01-29,1
2816,2018-01-30,1
2817,2018-01-30,1
2818,2018-01-30,1
2819,2018-02-02,1
2820,2018-02-02,1
2821,2018-02-02,1
2822,2018-02-02,1
2823,2018-02-02,1
2824,2018-02-04,1
2825,2018-02-05,1
2826,2018-02-05,1
2827,2018-02-05,1
2828,2018-02-06,1
2829,2018-02-09,1
2830,2018-02-13,1
2831,2018-02-13,1
2832,2018-02-13,1
2833,2018-02-14,1
2834,2018-02-14,1
2835,2018-02-20,1
2836,2018-02-21,1
2837,2018-02-21,1
2838,2018-02-21,1
2839,2018-02-21,1
2840,2018-02-21,1
2841,2018-02-28,1
2842,2018-02-28,1
2843,2018-03-01,1
2844,2018-03-02,1
2845,2018-03-02,1
2846,2018-03-03,1
2847,2018-03-05,1
2848,2018-03-07,1
2849,2018-03-09,1
2850,2018-03-09,1
2851,2018-03-09,1
2852,2018-03-09,1
2853,2018-03-10,1
2854,2018-03-11,1
2855,2018-03-11,1
2856,2018-03-13,1
2857,2018-03-14,1
2858,2018-03-14,1
2859,2018-03-15,1
2860,2018-03-17,1
2861,2018-03-17,1
2862,2018-03-19,1
2863,2018-03-20,1
2864,2018-03-20,1
2865,2018-03-20,1
2866,2018-03-20,1
2867,2018-03-23,1
2868,2018-03-25,1
2869,2018-03-27,1
2870,2018-03-27,1
2871,2018-03-28,1
2872,2018-03-30,1
2873,2018-03-31,1
2874,2018-03-31,1
2875,2018-03-31,1
2876,2018-03-31,1
2877,2018-04-02,1
2878,2018-04-02,1
2879,2018-04-03,1
2880,2018-04-04,1
2881,2018-04-06,1
2882,2018-04-06,1
2883,2018-04-08,1
2884,2018-04-11,1
2885,2018-04-11,1
2886,2018-04-15,1
2887,2018-04-15,1
2888,2018-04-17,1
2889,2018-04-18,1
2890,2018-04-20,1
2891,2018-04-21,1
2892,2018-04-22,1
2893,2018-04-24,1
2894,2018-04-24,1
2895,2018-04-26,1
2896,2018-04-30,1
2897,2018-04-30,1
2898,2018-04-30,1
2899,2018-04-30,1
2900,2018-04-30,1
2901,2018-05-01,1
2902,2018-05-05,1
2903,2018-05-08,1
2904,2018-05-08,1
2905,2018-05-09,1
2906,2018-05-10,1
2907,2018-05-11,1
2908,2018-05-11,1
2909,2018-05-11,1
2910,2018-05-14,1
2911,2018-05-14,1
2912,2018-05-14,1
2913,2018-05-14,1
2914,2018-05-15,1
2915,2018-05-17,1
2916,2018-05-17,1
2917,2018-05-18,1
2918,2018-05-18,1
2919,2018-05-20,1
2920,2018-05-21,1
2921,2018-05-23,1
2922,2018-05-23,1
2923,2018-05-24,1
2924,2018-05-25,1
2925,2018-05-28,1
2926,2018-05-31,1
2927,2018-05-31,1
2928,2018-06-01,1
2929,2018-06-02,1
2930,2018-06-04,1
2931,2018-06-04,1
2932,2018-06-04,1
2933,2018-06-06,1
2934,2018-06-13,1
2935,2018-06-14,1
2936,2018-06-15,1
2937,2018-06-18,1
2938,2018-06-19,1
2939,2018-06-20,1
2940,2018-06-21,1
2941,2018-06-25,1
2942,2018-06-28,1
2943,2018-07-02,1
2944,2018-07-02,1
2945,2018-07-02,1
2946,2018-07-02,1
2947,2018-07-02,1
2948,2018-07-05,1
2949,2018-07-06,1
2950,2018-07-06,1
2951,2018-07-09,1
2952,2018-07-11,1
2953,2018-07-11,1
2954,2018-07-12,1
2955,2018-07-13,1
2956,2018-07-14,1
2957,2018-07-16,1
2958,2018-07-16,1
2959,2018-07-18,1
2960,2018-07-19,1
2961,2018-07-26,1
2962,2018-07-26,1
2963,2018-07-27,1
2964,2018-07-29,1
2965,2018-07-29,1
2966,2018-07-30,1
2967,2018-07-30,1
2968,2018-07-30,1
2969,2018-07-30,1
2970,2018-07-30,1
2971,2018-07-31,1
2972,2018-07-31,1
2973,2018-07-31,1
2974,2018-08-01,1
2975,2018-08-02,1
2976,2018-08-03,1
2977,2018-08-07,1
2978,2018-08-09,1
2979,2018-08-09,1
2980,2018-08-10,1
2981,2018-08-10,1
2982,2018-08-13,1
2983,2018-08-13,1
2984,2018-08-13,1
2985,2018-08-13,1
2986,2018-08-13,1
2987,2018-08-14,1
2988,2018-08-15,1
2989,2018-08-15,1
2990,2018-08-15,1
2991,2018-08-15,1
2992,2018-08-19,1
2993,2018-08-20,1
2994,2018-08-20,1
2995,2018-08-21,1
2996,2018-08-21,1
2997,2018-08-21,1
2998,2018-08-21,1
2999,2018-08-24,1
3000,2018-08-24,1
3001,2018-08-27,1
3002,2018-08-27,1
3003,2018-08-28,1
3004,2018-08-28,1
3005,2018-08-29,1
3006,2018-08-31,1
3007,2018-09-03,1
3008,2018-09-06,1
3009,2018-09-07,1
3010,2018-09-07,1
3011,2018-09-07,1
3012,2018-09-07,1
3013,2018-09-10,1
3014,2018-09-10,1
3015,2018-09-10,1
3016,2018-09-10,1
3017,2018-09-11,1
3018,2018-09-11,1
3019,2018-09-11,1
3020,2018-09-12,1
3021,2018-09-13,1
3022,2018-09-14,1
3023,2018-09-14,1
3024,2018-09-14,1
3025,2018-09-17,1
3026,2018-09-17,1
3027,2018-09-18,1
3028,2018-09-19,1
3029,2018-09-20,1
3030,2018-09-20,1
3031,2018-09-20,1
3032,2018-09-20,1
3033,2018-09-23,1
3034,2018-09-24,1
3035,2018-09-25,1
3036,2018-09-25,1
3037,2018-09-25,1
3038,2018-09-25,1
3039,2018-09-25,1
3040,2018-09-26,1
3041,2018-09-26,1
3042,2018-09-26,1
3043,2018-09-27,1
3044,2018-09-28,1
3045,2018-09-28,1
3046,2018-09-29,1
3047,2018-09-30,1
3048,2018-09-30,1
3049,2018-09-30,1
3050,2018-09-30,1
3051,2018-09-30,1
3052,2018-10-04,1
3053,2018-10-04,1
3054,2018-10-05,1
3055,2018-10-08,1
3056,2018-10-08,1
3057,2018-10-08,1
3058,2018-10-09,1
3059,2018-10-09,1
3060,2018-10-11,1
3061,2018-10-11,1
3062,2018-10-12,1
3063,2018-10-12,1
3064,2018-10-15,1
3065,2018-10-15,1
3066,2018-10-15,1
3067,2018-10-15,1
3068,2018-10-15,1
3069,2018-10-15,1
3070,2018-10-15,1
3071,2018-10-15,1
3072,2018-10-16,1
3073,2018-10-16,1
3074,2018-10-16,1
3075,2018-10-17,1
3076,2018-10-17,1
3077,2018-10-18,1
3078,2018-10-18,1
3079,2018-10-19,1
3080,2018-10-19,1
3081,2018-10-19,1
3082,2018-10-20,1
3083,2018-10-20,1
3084,2018-10-21,1
3085,2018-10-22,1
3086,2018-10-22,1
3087,2018-10-22,1
3088,2018-10-25,1
3089,2018-10-27,1
3090,2018-10-29,1
3091,2018-10-29,1
3092,2018-10-29,1
3093,2018-10-30,1
3094,2018-10-30,1
3095,2018-10-30,1
3096,2018-10-31,1
3097,2018-10-31,1
3098,2018-11-01,1
3099,2018-11-01,1
3100,2018-11-02,1
3101,2018-11-02,1
3102,2018-11-03,1
3103,2018-11-05,1
3104,2018-11-05,1
3105,2018-11-05,1
3106,2018-11-06,1
3107,2018-11-07,1
3108,2018-11-08,1
3109,2018-11-12,1
3110,2018-11-12,1
3111,2018-11-13,1
3112,2018-11-13,1
3113,2018-11-14,1
3114,2018-11-14,1
3115,2018-11-15,1
3116,2018-11-15,1
3117,2018-11-16,1
3118,2018-11-16,1
3119,2018-11-17,1
3120,2018-11-18,1
3121,2018-11-19,1
3122,2018-11-19,1
3123,2018-11-19,1
3124,2018-11-19,1
3125,2018-11-19,1
3126,2018-11-19,1
3127,2018-11-19,1
3128,2018-11-20,1
3129,2018-11-21,1
3130,2018-11-21,1
3131,2018-11-21,1
3132,2018-11-23,1
3133,2018-11-24,1
3134,2018-11-24,1
3135,2018-11-24,1
3136,2018-11-25,1
3137,2018-11-25,1
3138,2018-11-26,1
3139,2018-11-27,1
3140,2018-11-27,1
3141,2018-11-27,1
3142,2018-11-28,1
3143,2018-11-30,1
3144,2018-11-30,1
3145,2018-11-30,1
3146,2018-12-01,1
3147,2018-12-01,1
3148,2018-12-03,1
3149,2018-12-05,1
3150,2018-12-05,1
3151,2018-12-05,1
3152,2018-12-06,1
3153,2018-12-07,1
3154,2018-12-07,1
3155,2018-12-10,1
3156,2018-12-11,1
3157,2018-12-11,1
3158,2018-12-12,1
3159,2018-12-12,1
3160,2018-12-12,1
3161,2018-12-12,1
3162,2018-12-14,1
3163,2018-12-14,1
3164,2018-12-14,1
3165,2018-12-14,1
3166,2018-12-15,1
3167,2018-12-15,1
3168,2018-12-15,1
3169,2018-12-16,1
3170,2018-12-17,1
3171,2018-12-18,1
3172,2018-12-20,1
3173,2018-12-21,1
3174,2018-12-21,1
3175,2018-12-21,1
3176,2018-12-24,1
3177,2018-12-24,1
3178,2018-12-24,1
3179,2018-12-26,1
3180,2018-12-26,1
3181,2018-12-26,1
3182,2018-12-28,1
3183,2018-12-28,1
3184,2018-12-31,1
3185,2018-12-31,1
3186,2018-12-31,1
3187,2019-01-08,1
3188,2019-01-09,1
3189,2019-01-11,1
3190,2019-01-12,1
3191,2019-01-13,1
3192,2019-01-13,1
3193,2019-01-14,1
3194,2019-01-14,1
3195,2019-01-15,1
3196,2019-01-15,1
3197,2019-01-15,1
3198,2019-01-16,1
3199,2019-01-18,1
3200,2019-01-18,1
3201,2019-01-21,1
3202,2019-01-21,1
3203,2019-01-21,1
3204,2019-01-22,1
3205,2019-01-22,1
3206,2019-01-22,1
3207,2019-01-23,1
3208,2019-01-24,1
3209,2019-01-25,1
3210,2019-01-25,1
3211,2019-01-25,1
3212,2019-01-25,1
3213,2019-01-26,1
3214,2019-01-26,1
3215,2019-01-28,1
3216,2019-01-28,1
3217,2019-01-29,1
3218,2019-01-29,1
3219,2019-01-29,1
3220,2019-01-29,1
3221,2019-01-31,1
3222,2019-02-02,1
3223,2019-02-03,1
3224,2019-02-03,1
3225,2019-02-05,1
3226,2019-02-07,1
3227,2019-02-08,1
3228,2019-02-08,1
3229,2019-02-08,1
3230,2019-02-10,1
3231,2019-02-11,1
3232,2019-02-12,1
3233,2019-02-12,1
3234,2019-02-13,1
3235,2019-02-13,1
3236,2019-02-14,1
3237,2019-02-15,1
3238,2019-02-15,1
3239,2019-02-15,1
3240,2019-02-18,1
3241,2019-02-19,1
3242,2019-02-22,1
3243,2019-02-25,1
3244,2019-02-25,1
3245,2019-02-27,1
3246,2019-02-28,1
3247,2019-03-01,1
3248,2019-03-01,1
3249,2019-03-05,1
3250,2019-03-07,1
3251,2019-03-07,1
3252,2019-03-11,1
3253,2019-03-11,1
3254,2019-03-11,1
3255,2019-03-11,1
3256,2019-03-14,1
3257,2019-03-15,1
3258,2019-03-15,1
3259,2019-03-15,1
3260,2019-03-17,1
3261,2019-03-18,1
3262,2019-03-19,1
3263,2019-03-19,1
3264,2019-03-20,1
3265,2019-03-21,1
3266,2019-03-21,1
3267,2019-03-21,1
3268,2019-03-25,1
3269,2019-03-25,1
3270,2019-03-26,1
3271,2019-03-26,1
3272,2019-03-28,1
3273,2019-03-31,1
3274,2019-03-31,1
3275,2019-03-31,1
3276,2019-04-01,1
3277,2019-04-01,1
3278,2019-04-01,1
3279,2019-04-01,1
3280,2019-04-01,1
3281,2019-04-01,1
3282,2019-04-01,1
3283,2019-04-01,1
3284,2019-04-01,1
3285,2019-04-01,1
3286,2019-04-02,1
3287,2019-04-02,1
3288,2019-04-04,1
3289,2019-04-05,1
3290,2019-04-06,1
3291,2019-04-07,1
3292,2019-04-08,1
3293,2019-04-09,1
3294,2019-04-10,1
3295,2019-04-10,1
3296,2019-04-11,1
3297,2019-04-14,1
3298,2019-04-14,1
3299,2019-04-15,1
3300,2019-04-15,1
3301,2019-04-15,1
3302,2019-04-15,1
3303,2019-04-15,1
3304,2019-04-17,1
3305,2019-04-18,1
3306,2019-04-18,1
3307,2019-04-19,1
3308,2019-04-22,1
3309,2019-04-30,1
3310,2019-04-30,1
3311,2019-04-30,1
3312,2019-04-30,1
3313,2019-04-30,1
3314,2019-04-30,1
3315,2019-04-30,1
3316,2019-04-30,1
3317,2019-05-01,1
3318,2019-05-01,1
3319,2019-05-01,1
3320,2019-05-02,1
3321,2019-05-02,1
3322,2019-05-03,1
3323,2019-05-03,1
3324,2019-05-03,1
3325,2019-05-03,1
3326,2019-05-04,1
3327,2019-05-04,1
3328,2019-05-04,1
3329,2019-05-06,1
3330,2019-05-07,1
3331,2019-05-10,1
3332,2019-05-11,1
3333,2019-05-13,1
3334,2019-05-13,1
3335,2019-05-14,1
3336,2019-05-14,1
3337,2019-05-17,1
3338,2019-05-19,1
3339,2019-05-20,1
3340,2019-05-20,1
3341,2019-05-20,1
3342,2019-05-21,1
3343,2019-05-22,1
3344,2019-05-24,1
3345,2019-05-24,1
3346,2019-05-30,1
3347,2019-05-31,1
3348,2019-05-31,1
3349,2019-05-31,1
3350,2019-05-31,1
3351,2019-05-31,1
3352,2019-06-01,1
3353,2019-06-02,1
3354,2019-06-02,1
3355,2019-06-03,1
3356,2019-06-04,1
3357,2019-06-07,1
3358,2019-06-07,1
3359,2019-06-14,1
3360,2019-06-15,1
3361,2019-06-15,1
3362,2019-06-15,1
3363,2019-06-17,1
3364,2019-06-17,1
3365,2019-06-17,1
3366,2019-06-17,1
3367,2019-06-18,1
3368,2019-06-19,1
3369,2019-06-19,1
3370,2019-06-19,1
3371,2019-06-26,1
3372,2019-06-28,1
3373,2019-06-28,1
3374,2019-06-28,1
3375,2019-06-30,1
3376,2019-06-30,1
3377,2019-06-30,1
3378,2019-06-30,1
3379,2019-06-30,1
3380,2019-06-30,1
3381,2019-07-01,1
3382,2019-07-01,1
3383,2019-07-01,1
3384,2019-07-01,1
3385,2019-07-01,1
3386,2019-07-01,1
3387,2019-07-01,1
3388,2019-07-01,1
3389,2019-07-01,1
3390,2019-07-01,1
3391,2019-07-01,1
3392,2019-07-02,1
3393,2019-07-03,1
3394,2019-07-09,1
3395,2019-07-09,1
3396,2019-07-09,1
3397,2019-07-09,1
3398,2019-07-13,1
3399,2019-07-13,1
3400,2019-07-15,1
3401,2019-07-15,1
3402,2019-07-15,1
3403,2019-07-15,1
3404,2019-07-15,1
3405,2019-07-16,1
3406,2019-07-16,1
3407,2019-07-18,1
3408,2019-07-21,1
3409,2019-07-22,1
3410,2019-07-24,1
3411,2019-07-25,1
3412,2019-07-25,1
3413,2019-07-26,1
3414,2019-07-26,1
3415,2019-07-29,1
3416,2019-07-31,1
3417,2019-07-31,1
3418,2019-07-31,1
3419,2019-08-01,1
3420,2019-08-01,1
3421,2019-08-02,1
3422,2019-08-04,1
3423,2019-08-06,1
3424,2019-08-06,1
3425,2019-08-07,1
3426,2019-08-07,1
3427,2019-08-11,1
3428,2019-08-13,1
3429,2019-08-13,1
3430,2019-08-13,1
3431,2019-08-17,1
3432,2019-08-21,1
3433,2019-08-25,1
3434,2019-08-29,1
3435,2019-08-30,1
3436,2019-09-05,1
3437,2019-09-09,1
3438,2019-09-09,1
3439,2019-09-09,1
3440,2019-09-10,1
3441,2019-09-11,1
3442,2019-09-11,1
3443,2019-09-11,1
3444,2019-09-15,1
3445,2019-09-15,1
3446,2019-09-15,1
3447,2019-09-15,1
3448,2019-09-15,1
3449,2019-09-16,1
3450,2019-09-16,1
3451,2019-09-17,1
3452,2019-09-21,1
3453,2019-09-22,1
3454,2019-09-22,1
3455,2019-09-23,1
3456,2019-09-23,1
3457,2019-09-23,1
3458,2019-09-24,1
3459,2019-09-25,1
3460,2019-09-26,1
3461,2019-09-26,1
3462,2019-09-30,1
3463,2019-09-30,1
3464,2019-09-30,1
3465,2019-09-30,1
3466,2019-09-30,1
3467,2019-10-01,1
3468,2019-10-01,1
3469,2019-10-01,1
3470,2019-10-01,1
3471,2019-10-03,1
3472,2019-10-03,1
3473,2019-10-03,1
3474,2019-10-04,1
3475,2019-10-04,1
3476,2019-10-05,1
3477,2019-10-08,1
3478,2019-10-09,1
3479,2019-10-09,1
3480,2019-10-13,1
3481,2019-10-15,1
3482,2019-10-15,1
3483,2019-10-16,1
3484,2019-10-17,1
3485,2019-10-22,1
3486,2019-10-22,1
3487,2019-10-22,1
3488,2019-10-25,1
3489,2019-10-25,1
3490,2019-10-27,1
3491,2019-10-29,1
3492,2019-10-30,1
3493,2019-10-31,1
3494,2019-10-31,1
3495,2019-10-31,1
3496,2019-10-31,1
3497,2019-10-31,1
3498,2019-10-31,1
3499,2019-11-01,1
3500,2019-11-01,1
3501,2019-11-01,1
3502,2019-11-04,1
3503,2019-11-04,1
3504,2019-11-04,1
3505,2019-11-04,1
3506,2019-11-04,1
3507,2019-11-04,1
3508,2019-11-05,1
3509,2019-11-05,1
3510,2019-11-06,1
3511,2019-11-07,1
3512,2019-11-09,1
3513,2019-11-11,1
3514,2019-11-11,1
3515,2019-11-12,1
3516,2019-11-12,1
3517,2019-11-12,1
3518,2019-11-12,1
3519,2019-11-13,1
3520,2019-11-17,1
3521,2019-11-18,1
3522,2019-11-18,1
3523,2019-11-20,1
3524,2019-11-20,1
3525,2019-11-20,1
3526,2019-11-24,1
3527,2019-11-24,1
3528,2019-11-26,1
3529,2019-11-27,1
3530,2019-11-27,1
3531,2019-11-30,1
3532,2019-12-01,1
3533,2019-12-01,1
3534,2019-12-04,1
3535,2019-12-04,1
3536,2019-12-05,1
3537,2019-12-05,1
3538,2019-12-05,1
3539,2019-12-06,1
3540,2019-12-07,1
3541,2019-12-09,1
3542,2019-12-10,1
3543,2019-12-10,1
3544,2019-12-11,1
3545,2019-12-11,1
3546,2019-12-13,1
3547,2019-12-13,1
3548,2019-12-13,1
3549,2019-12-13,1
3550,2019-12-13,1
3551,2019-12-15,1
3552,2019-12-16,1
3553,2019-12-16,1
3554,2019-12-17,1
3555,2019-12-17,1
3556,2019-12-17,1
3557,2019-12-17,1
3558,2019-12-17,1
3559,2019-12-18,1
3560,2019-12-18,1
3561,2019-12-18,1
3562,2019-12-19,1
3563,2019-12-19,1
3564,2019-12-19,1
3565,2019-12-20,1
3566,2019-12-20,1
3567,2019-12-22,1
3568,2019-12-22,1
3569,2019-12-27,1
3570,2019-12-27,1
3571,2019-12-30,1
3572,2019-12-31,1
3573,2019-12-31,1
3574,2019-12-31,1
3575,2019-12-31,1
3576,2020-01-02,1
3577,2020-01-03,1
3578,2020-01-08,1
3579,2020-01-13,1
3580,2020-01-13,1
3581,2020-01-14,1
3582,2020-01-14,1
3583,2020-01-16,1
3584,2020-01-17,1
3585,2020-01-17,1
3586,2020-01-17,1
3587,2020-01-17,1
3588,2020-01-20,1
3589,2020-01-20,1
3590,2020-01-20,1
3591,2020-01-21,1
3592,2020-01-22,1
3593,2020-01-23,1
3594,2020-01-23,1
3595,2020-01-23,1
3596,2020-01-28,1
3597,2020-01-30,1
3598,2020-01-31,1
3599,2020-01-31,1
3600,2020-02-03,1
3601,2020-02-04,1
3602,2020-02-04,1
3603,2020-02-05,1
3604,2020-02-05,1
3605,2020-02-07,1
3606,2020-02-11,1
3607,2020-02-12,1
3608,2020-02-13,1
3609,2020-02-13,1
3610,2020-02-15,1
3611,2020-02-17,1
3612,2020-02-17,1
3613,2020-02-18,1
3614,2020-02-18,1
3615,2020-02-23,1
3616,2020-02-24,1
3617,2020-02-24,1
3618,2020-02-27,1
3619,2020-02-27,1
3620,2020-02-27,1
3621,2020-02-27,1
3622,2020-02-28,1
3623,2020-03-01,1
3624,2020-03-02,1
3625,2020-03-02,1
3626,2020-03-05,1
3627,2020-03-05,1
3628,2020-03-06,1
3629,2020-03-06,1
3630,2020-03-06,1
3631,2020-03-09,1
3632,2020-03-09,1
3633,2020-03-09,1
3634,2020-03-10,1
3635,2020-03-11,1
3636,2020-03-11,1
3637,2020-03-13,1
3638,2020-03-16,1
3639,2020-03-16,1
3640,2020-03-16,1
3641,2020-03-17,1
3642,2020-03-17,1
3643,2020-03-17,1
3644,2020-03-18,1
3645,2020-03-23,1
3646,2020-03-23,1
3647,2020-03-23,1
3648,2020-03-23,1
3649,2020-03-24,1
3650,2020-03-25,1
3651,2020-03-26,1
3652,2020-03-27,1
3653,2020-03-27,1
3654,2020-03-30,1
3655,2020-03-30,1
3656,2020-03-30,1
3657,2020-03-31,1
3658,2020-03-31,1
3659,2020-03-31,1
3660,2020-03-31,1
3661,2020-03-31,1
3662,2020-03-31,1
3663,2020-03-31,1
3664,2020-04-01,1
3665,2020-04-01,1
3666,2020-04-01,1
3667,2020-04-03,1
3668,2020-04-03,1
3669,2020-04-05,1
3670,2020-04-05,1
3671,2020-04-05,1
3672,2020-04-06,1
3673,2020-04-06,1
3674,2020-04-06,1
3675,2020-04-07,1
3676,2020-04-07,1
3677,2020-04-07,1
3678,2020-04-07,1
3679,2020-04-07,1
3680,2020-04-07,1
3681,2020-04-07,1
3682,2020-04-07,1
3683,2020-04-09,1
3684,2020-04-09,1
3685,2020-04-09,1
3686,2020-04-13,1
3687,2020-04-13,1
3688,2020-04-14,1
3689,2020-04-14,1
3690,2020-04-14,1
3691,2020-04-14,1
3692,2020-04-14,1
3693,2020-04-15,1
3694,2020-04-15,1
3695,2020-04-15,1
3696,2020-04-16,1
3697,2020-04-17,1
3698,2020-04-20,1
3699,2020-04-20,1
3700,2020-04-20,1
3701,2020-04-21,1
3702,2020-04-22,1
3703,2020-04-22,1
3704,2020-04-23,1
3705,2020-04-23,1
3706,2020-04-24,1
3707,2020-04-26,1
3708,2020-04-29,1
3709,2020-04-29,1
3710,2020-04-29,1
3711,2020-04-29,1
3712,2020-04-29,1
3713,2020-04-30,1
3714,2020-04-30,1
3715,2020-04-30,1
3716,2020-04-30,1
3717,2020-04-30,1
3718,2020-04-30,1
3719,2020-05-01,1
3720,2020-05-01,1
3721,2020-05-01,1
3722,2020-05-01,1
3723,2020-05-01,1
3724,2020-05-01,1
3725,2020-05-04,1
3726,2020-05-04,1
3727,2020-05-04,1
3728,2020-05-04,1
3729,2020-05-05,1
3730,2020-05-06,1
3731,2020-05-06,1
3732,2020-05-07,1
3733,2020-05-07,1
3734,2020-05-07,1
3735,2020-05-07,1
3736,2020-05-11,1
3737,2020-05-11,1
3738,2020-05-12,1
3739,2020-05-12,1
3740,2020-05-12,1
3741,2020-05-12,1
3742,2020-05-13,1
3743,2020-05-13,1
3744,2020-05-13,1
3745,2020-05-13,1
3746,2020-05-13,1
3747,2020-05-14,1
3748,2020-05-14,1
3749,2020-05-14,1
3750,2020-05-15,1
3751,2020-05-15,1
3752,2020-05-15,1
3753,2020-05-15,1
3754,2020-05-15,1
3755,2020-05-15,1
3756,2020-05-18,1
3757,2020-05-19,1
3758,2020-05-19,1
3759,2020-05-20,1
3760,2020-05-20,1
3761,2020-05-21,1
3762,2020-05-22,1
3763,2020-05-22,1
3764,2020-05-22,1
3765,2020-05-22,1
3766,2020-05-22,1
3767,2020-05-22,1
3768,2020-05-23,1
3769,2020-05-23,1
3770,2020-05-26,1
3771,2020-05-27,1
3772,2020-05-27,1
3773,2020-05-28,1
3774,2020-05-28,1
3775,2020-05-29,1
3776,2020-05-29,1
3777,2020-05-30,1
3778,2020-05-31,1
3779,2020-05-31,1
3780,2020-06-01,1
3781,2020-06-01,1
3782,2020-06-01,1
3783,2020-06-01,1
3784,2020-06-02,1
3785,2020-06-03,1
3786,2020-06-03,1
3787,2020-06-03,1
3788,2020-06-03,1
3789,2020-06-04,1
3790,2020-06-04,1
3791,2020-06-07,1
3792,2020-06-08,1
3793,2020-06-09,1
3794,2020-06-09,1
3795,2020-06-09,1
3796,2020-06-10,1
3797,2020-06-11,1
3798,2020-06-11,1
3799,2020-06-12,1
3800,2020-06-14,1
3801,2020-06-14,1
3802,2020-06-15,1
3803,2020-06-15,1
3804,2020-06-15,1
3805,2020-06-15,1
3806,2020-06-15,1
3807,2020-06-15,1
3808,2020-06-15,1
3809,2020-06-15,1
3810,2020-06-16,1
3811,2020-06-17,1
3812,2020-06-17,1
3813,2020-06-17,1
3814,2020-06-17,1
3815,2020-06-19,1
3816,2020-06-19,1
3817,2020-06-19,1
3818,2020-06-19,1
3819,2020-06-20,1
3820,2020-06-20,1
3821,2020-06-20,1
3822,2020-06-20,1
3823,2020-06-20,1
3824,2020-06-22,1
3825,2020-06-22,1
3826,2020-06-22,1
3827,2020-06-22,1
3828,2020-06-23,1
3829,2020-06-23,1
3830,2020-06-23,1
3831,2020-06-23,1
3832,2020-06-23,1
3833,2020-06-24,1
3834,2020-06-24,1
3835,2020-06-24,1
3836,2020-06-25,1
3837,2020-06-25,1
3838,2020-06-25,1
3839,2020-06-25,1
3840,2020-06-25,1
3841,2020-06-25,1
3842,2020-06-25,1
3843,2020-06-26,1
3844,2020-06-26,1
3845,2020-06-26,1
3846,2020-06-27,1
3847,2020-06-28,1
3848,2020-06-29,1
3849,2020-06-29,1
3850,2020-06-29,1
3851,2020-06-29,1
3852,2020-06-30,1
3853,2020-06-30,1
3854,2020-06-30,1
3855,2020-06-30,1
3856,2020-06-30,1
3857,2020-06-30,1
3858,2020-06-30,1
3859,2020-06-30,1
3860,2020-06-30,1
3861,2020-06-30,1
3862,2020-06-30,1
3863,2020-07-01,1
3864,2020-07-01,1
3865,2020-07-01,1
3866,2020-07-01,1
3867,2020-07-01,1
3868,2020-07-01,1
3869,2020-07-01,1
3870,2020-07-01,1
3871,2020-07-03,1
3872,2020-07-03,1
3873,2020-07-05,1
3874,2020-07-06,1
3875,2020-07-06,1
3876,2020-07-07,1
3877,2020-07-07,1
3878,2020-07-08,1
3879,2020-07-09,1
3880,2020-07-09,1
3881,2020-07-09,1
3882,2020-07-10,1
3883,2020-07-10,1
3884,2020-07-12,1
3885,2020-07-12,1
3886,2020-07-13,1
3887,2020-07-13,1
3888,2020-07-14,1
3889,2020-07-15,1
3890,2020-07-15,1
3891,2020-07-15,1
3892,2020-07-15,1
3893,2020-07-15,1
3894,2020-07-15,1
3895,2020-07-15,1
3896,2020-07-15,1
3897,2020-07-16,1
3898,2020-07-17,1
3899,2020-07-17,1
3900,2020-07-17,1
3901,2020-07-17,1
3902,2020-07-20,1
3903,2020-07-20,1
3904,2020-07-20,1
3905,2020-07-20,1
3906,2020-07-20,1
3907,2020-07-22,1
3908,2020-07-23,1
3909,2020-07-24,1
3910,2020-07-24,1
3911,2020-07-27,1
3912,2020-07-27,1
3913,2020-07-29,1
3914,2020-07-29,1
3915,2020-07-29,1
3916,2020-07-29,1
3917,2020-07-30,1
3918,2020-07-30,1
3919,2020-07-30,1
3920,2020-07-30,1
3921,2020-07-30,1
3922,2020-07-31,1
3923,2020-07-31,1
3924,2020-07-31,1
3925,2020-07-31,1
3926,2020-07-31,1
3927,2020-07-31,1
3928,2020-07-31,1
3929,2020-07-31,1
3930,2020-07-31,1
3931,2020-07-31,1
3932,2020-07-31,1
3933,2020-07-31,1
3934,2020-08-02,1
3935,2020-08-02,1
3936,2020-08-03,1
3937,2020-08-04,1
3938,2020-08-05,1
3939,2020-08-06,1
3940,2020-08-06,1
3941,2020-08-06,1
3942,2020-08-06,1
3943,2020-08-06,1
3944,2020-08-07,1
3945,2020-08-07,1
3946,2020-08-08,1
3947,2020-08-10,1
3948,2020-08-10,1
3949,2020-08-10,1
3950,2020-08-11,1
3951,2020-08-12,1
3952,2020-08-14,1
3953,2020-08-14,1
3954,2020-08-15,1
3955,2020-08-15,1
3956,2020-08-15,1
3957,2020-08-15,1
3958,2020-08-15,1
3959,2020-08-15,1
3960,2020-08-16,1
3961,2020-08-16,1
3962,2020-08-16,1
3963,2020-08-17,1
3964,2020-08-18,1
3965,2020-08-19,1
3966,2020-08-19,1
3967,2020-08-19,1
3968,2020-08-19,1
3969,2020-08-19,1
3970,2020-08-19,1
3971,2020-08-21,1
3972,2020-08-21,1
3973,2020-08-22,1
3974,2020-08-22,1
3975,2020-08-23,1
3976,2020-08-23,1
3977,2020-08-24,1
3978,2020-08-25,1
3979,2020-08-25,1
3980,2020-08-26,1
3981,2020-08-27,1
3982,2020-08-27,1
3983,2020-08-28,1
3984,2020-08-28,1
3985,2020-08-31,1
3986,2020-08-31,1
3987,2020-08-31,1
3988,2020-08-31,1
3989,2020-08-31,1
3990,2020-09-01,1
3991,2020-09-01,1
3992,2020-09-03,1
3993,2020-09-03,1
3994,2020-09-04,1
3995,2020-09-04,1
3996,2020-09-07,1
3997,2020-09-07,1
3998,2020-09-08,1
3999,2020-09-09,1
4000,2020-09-10,1
4001,2020-09-10,1
4002,2020-09-10,1
4003,2020-09-11,1
4004,2020-09-11,1
4005,2020-09-11,1
4006,2020-09-14,1
4007,2020-09-14,1
4008,2020-09-15,1
4009,2020-09-15,1
4010,2020-09-16,1
4011,2020-09-16,1
4012,2020-09-16,1
4013,2020-09-17,1
4014,2020-09-18,1
4015,2020-09-18,1
4016,2020-09-18,1
4017,2020-09-20,1
4018,2020-09-20,1
4019,2020-09-20,1
4020,2020-09-20,1
4021,2020-09-22,1
4022,2020-09-22,1
4023,2020-09-22,1
4024,2020-09-23,1
4025,2020-09-24,1
4026,2020-09-24,1
4027,2020-09-25,1
4028,2020-09-25,1
4029,2020-09-25,1
4030,2020-09-25,1
4031,2020-09-25,1
4032,2020-09-25,1
4033,2020-09-29,1
4034,2020-09-29,1
4035,2020-09-30,1
4036,2020-09-30,1
4037,2020-09-30,1
4038,2020-09-30,1
4039,2020-09-30,1
4040,2020-09-30,1
4041,2020-09-30,1
4042,2020-09-30,1
4043,2020-09-30,1
4044,2020-09-30,1
4045,2020-09-30,1
4046,2020-09-30,1
4047,2020-10-01,1
4048,2020-10-01,1
4049,2020-10-01,1
4050,2020-10-01,1
4051,2020-10-01,1
4052,2020-10-01,1
4053,2020-10-02,1
4054,2020-10-02,1
4055,2020-10-05,1
4056,2020-10-05,1
4057,2020-10-06,1
4058,2020-10-06,1
4059,2020-10-07,1
4060,2020-10-08,1
4061,2020-10-09,1
4062,2020-10-09,1
4063,2020-10-09,1
4064,2020-10-10,1
4065,2020-10-12,1
4066,2020-10-12,1
4067,2020-10-13,1
4068,2020-10-14,1
4069,2020-10-14,1
4070,2020-10-14,1
4071,2020-10-14,1
4072,2020-10-15,1
4073,2020-10-16,1
4074,2020-10-16,1
4075,2020-10-17,1
4076,2020-10-19,1
4077,2020-10-19,1
4078,2020-10-19,1
4079,2020-10-23,1
4080,2020-10-26,1
4081,2020-10-26,1
4082,2020-10-26,1
4083,2020-10-27,1
4084,2020-10-27,1
4085,2020-10-29,1
4086,2020-10-29,1
4087,2020-10-30,1
4088,2020-10-30,1
4089,2020-10-30,1
4090,2020-10-30,1
4091,2020-10-30,1
4092,2020-10-30,1
4093,2020-10-30,1
4094,2020-10-31,1
4095,2020-11-01,1
4096,2020-11-04,1
4097,2020-11-05,1
4098,2020-11-06,1
4099,2020-11-06,1
4100,2020-11-06,1
4101,2020-11-08,1
4102,2020-11-09,1
4103,2020-11-09,1
4104,2020-11-09,1
4105,2020-11-10,1
4106,2020-11-13,1
4107,2020-11-13,1
4108,2020-11-13,1
4109,2020-11-13,1
4110,2020-11-13,1
4111,2020-11-14,1
4112,2020-11-14,1
4113,2020-11-15,1
4114,2020-11-16,1
4115,2020-11-17,1
4116,2020-11-17,1
4117,2020-11-18,1
4118,2020-11-18,1
4119,2020-11-19,1
4120,2020-11-19,1
4121,2020-11-19,1
4122,2020-11-19,1
4123,2020-11-19,1
4124,2020-11-20,1
4125,2020-11-20,1
4126,2020-11-21,1
4127,2020-11-22,1
4128,2020-11-23,1
4129,2020-11-23,1
4130,2020-11-23,1
4131,2020-11-23,1
4132,2020-11-24,1
4133,2020-11-26,1
4134,2020-11-26,1
4135,2020-11-26,1
4136,2020-11-28,1
4137,2020-11-30,1
4138,2020-11-30,1
4139,2020-11-30,1
4140,2020-11-30,1
4141,2020-11-30,1
4142,2020-11-30,1
4143,2020-11-30,1
4144,2020-12-01,1
4145,2020-12-01,1
4146,2020-12-01,1
4147,2020-12-01,1
4148,2020-12-01,1
4149,2020-12-01,1
4150,2020-12-02,1
4151,2020-12-02,1
4152,2020-12-03,1
4153,2020-12-04,1
4154,2020-12-07,1
4155,2020-12-07,1
4156,2020-12-07,1
4157,2020-12-07,1
4158,2020-12-09,1
4159,2020-12-09,1
4160,2020-12-11,1
4161,2020-12-14,1
4162,2020-12-14,1
4163,2020-12-14,1
4164,2020-12-15,1
4165,2020-12-15,1
4166,2020-12-15,1
4167,2020-12-15,1
4168,2020-12-16,1
4169,2020-12-16,1
4170,2020-12-16,1
4171,2020-12-17,1
4172,2020-12-17,1
4173,2020-12-18,1
4174,2020-12-18,1
4175,2020-12-18,1
4176,2020-12-21,1
4177,2020-12-21,1
4178,2020-12-21,1
4179,2020-12-21,1
4180,2020-12-21,1
4181,2020-12-21,1
4182,2020-12-21,1
4183,2020-12-22,1
4184,2020-12-22,1
4185,2020-12-23,1
4186,2020-12-23,1
4187,2020-12-23,1
4188,2020-12-28,1
4189,2020-12-29,1
4190,2020-12-30,1
4191,2020-12-30,1
4192,2020-12-30,1
4193,2020-12-31,1
4194,2020-12-31,1
4195,2020-12-31,1
4196,2020-12-31,1
4197,2020-12-31,1
4198,2020-12-31,1
4199,2020-12-31,1
4200,2020-12-31,1
4201,2020-12-31,1
4202,2021-01-01,1
4203,2021-01-04,1
4204,2021-01-06,1
4205,2021-01-07,1
4206,2021-01-07,1
4207,2021-01-07,1
4208,2021-01-08,1
4209,2021-01-11,1
4210,2021-01-11,1
4211,2021-01-20,1
4212,2021-01-20,1
4213,2021-01-20,1
4214,2021-01-22,1
4215,2021-01-25,1
4216,2021-01-25,1
4217,2021-01-26,1
4218,2021-01-29,1
4219,2021-01-30,1
4220,2021-01-30,1
4221,2021-02-01,1
4222,2021-02-01,1
4223,2021-02-02,1
4224,2021-02-05,1
4225,2021-02-05,1
4226,2021-02-08,1
4227,2021-02-09,1
4228,2021-02-10,1
4229,2021-02-11,1
4230,2021-02-12,1
4231,2021-02-15,1
4232,2021-02-18,1
4233,2021-02-22,1
4234,2021-02-23,1
4235,2021-02-24,1
4236,2021-02-24,1
4237,2021-02-24,1
4238,2021-02-26,1
4239,2021-02-26,1
4240,2021-02-28,1
4241,2021-02-28,1
4242,2021-03-01,1
4243,2021-03-01,1
4244,2021-03-03,1
4245,2021-03-04,1
4246,2021-03-05,1
4247,2021-03-09,1
4248,2021-03-10,1
4249,2021-03-10,1
4250,2021-03-11,1
4251,2021-03-14,1
4252,2021-03-15,1
4253,2021-03-15,1
4254,2021-03-16,1
4255,2021-03-17,1
4256,2021-03-17,1
4257,2021-03-23,1
4258,2021-03-24,1
4259,2021-03-24,1
4260,2021-03-26,1
4261,2021-03-30,1
4262,2021-03-31,1
4263,2021-03-31,1
4264,2021-04-01,1
4265,2021-04-08,1
4266,2021-04-08,1
4267,2021-04-09,1
4268,2021-04-12,1
4269,2021-04-12,1
4270,2021-04-13,1
4271,2021-04-15,1
4272,2021-04-16,1
4273,2021-04-18,1
4274,2021-04-19,1
4275,2021-04-22,1
4276,2021-04-22,1
4277,2021-04-23,1
4278,2021-04-26,1
4279,2021-04-28,1
4280,2021-04-30,1
4281,2021-04-30,1
4282,2021-04-30,1
4283,2021-04-30,1
4284,2021-04-30,1
4285,2021-04-30,1
4286,2021-04-30,1
4287,2021-04-30,1
4288,2021-04-30,1
4289,2021-05-01,1
4290,2021-05-10,1
4291,2021-05-11,1
4292,2021-05-14,1
4293,2021-05-15,1
4294,2021-05-17,1
4295,2021-05-18,1
4296,2021-05-18,1
4297,2021-05-19,1
4298,2021-05-21,1
4299,2021-05-24,1
4300,2021-05-24,1
4301,2021-05-25,1
4302,2021-05-30,1
4303,2021-05-31,1
4304,2021-06-07,1
4305,2021-06-07,1
4306,2021-06-07,1
4307,2021-06-11,1
4308,2021-06-13,1
4309,2021-06-15,1
4310,2021-06-16,1
4311,2021-06-17,1
4312,2021-06-20,1
4313,2021-06-28,1
4314,2021-06-28,1
4315,2021-06-28,1
4316,2021-06-30,1
4317,2021-06-30,1
4318,2021-06-30,1
4319,2021-07-11,1
4320,2021-07-15,1
4321,2021-07-19,1
4322,2021-07-21,1
4323,2021-07-23,1
4324,2021-07-29,1
4325,2021-07-30,1
4326,2021-07-30,1
4327,2021-08-03,1
4328,2021-08-03,1
4329,2021-08-04,1
4330,2021-08-09,1
4331,2021-08-11,1
4332,2021-08-12,1
4333,2021-08-17,1
4334,2021-08-17,1
4335,2021-08-17,1
4336,2021-08-17,1
4337,2021-08-25,1
4338,2021-08-26,1
4339,2021-08-27,1
4340,2021-08-28,1
4341,2021-08-31,1
4342,2021-09-02,1
4343,2021-09-03,1
4344,2021-09-03,1
4345,2021-09-13,1
4346,2021-09-17,1
4347,2021-09-18,1
4348,2021-09-19,1
4349,2021-09-23,1
4350,2021-09-23,1
4351,2021-10-01,1
4352,2021-10-04,1
4353,2021-10-04,1
4354,2021-10-04,1
4355,2021-10-15,1
4356,2021-10-18,1
4357,2021-10-19,1
4358,2021-10-21,1
4359,2021-10-22,1
4360,2021-10-25,1
4361,2021-10-26,1
4362,2021-10-31,1
4363,2021-10-31,1
4364,2021-10-31,1
4365,2021-11-01,1
4366,2021-11-05,1
4367,2021-11-11,1
4368,2021-11-16,1
4369,2021-11-17,1
4370,2021-11-17,1
4371,2021-11-18,1
4372,2021-11-18,1
4373,2021-11-22,1
4374,2021-11-25,1
4375,2021-11-26,1
4376,2021-11-29,1
4377,2021-12-01,1
4378,2021-12-01,1
4379,2021-12-01,1
4380,2021-12-03,1
4381,2021-12-06,1
4382,2021-12-06,1
4383,2021-12-06,1
4384,2021-12-07,1
4385,2021-12-07,1
4386,2021-12-08,1
4387,2021-12-11,1
4388,2021-12-12,1
4389,2021-12-17,1
4390,2021-12-18,1
4391,2021-12-21,1
4392,2021-12-23,1
4393,2021-12-30,1
4394,2021-12-31,1
4395,2021-12-31,1
4396,2021-12-31,1
4397,2022-01-07,1
4398,2022-01-07,1
4399,2022-01-12,1
4400,2022-01-12,1
4401,2022-01-12,1
4402,2022-01-13,1
4403,2022-01-18,1
4404,2022-01-19,1
4405,2022-01-21,1
4406,2022-01-23,1
4407,2022-01-28,1
4408,2022-01-28,1
